product_id,current_price,competitor_price,unit_cost,units_sold,product_name,min_price,max_price,category,price_elasticity,recommended_price,volume_change_pct,revenue_current,revenue_modelled,revenue_uplift,profit_current,profit_modelled,profit_uplift,price_change_pct
P0251,21105.565885416665,22678.625937499997,11547.39,4439,Coffee Maker 251,12124.76,30421.78,Home & Kitchen,-0.9871177269035654,22794.01,-7.315562520184537,93687606.96536458,93780538.02448045,92931.05911587179,42428742.75536458,46271548.07289948,3842805.317534901,7.999994521587306
P0186,18356.617356828196,19480.16872246696,10018.52,4582,Denim Jacket 186,10519.45,26318.32,Fashion,-0.931366595259504,19825.15,-6.917030262831824,84110020.7289868,84555473.55237573,445452.82338893414,38205162.08898679,41825867.876614705,3620705.787627913,8.000017729985242
P0047,18004.635119617225,19227.924976076552,10105.85,4168,Water Bottle 047,10611.14,25965.72,Home & Kitchen,-0.9929496230050999,19445.01,-7.357152630527642,75043319.1785646,75084049.05939025,40729.88082565367,32922136.378564592,36061785.96776981,3139649.5892052166,8.00002260980779
P0167,16990.452341463413,18140.067853658536,10950.970000000001,3818,Vacuum Cleaner 167,11498.52,24422.23,Home & Kitchen,-1.080006504337797,18349.69,-7.9757838918035,64869547.03970731,64471347.52872671,-398199.5109805986,23058743.579707306,25995283.396123003,2936539.8164156973,8.000008659095602
P0027,17176.040533980584,18575.182330097086,10836.7,4150,Bluetooth Speaker 027,11378.54,24905.46,Electronics,-1.1895288966945363,18550.12,-8.748192212431682,71280568.21601942,70248391.66623802,-1032176.549781397,26308263.21601942,29210350.34999905,2902087.1339796297,7.999978011818132
P0226,22618.44025773196,23953.89907216495,11556.83,4659,Wireless Mouse 226,12134.67,32514.78,Electronics,-1.2992678927225967,24427.92,-9.515625689192419,105379313.1607732,102979957.1398763,-2399356.0208968967,51536042.190773204,54260210.29419911,2724168.103425905,8.00001999098714
P0240,17251.023666666664,18375.33272222222,10457.48,3489,Smart Watch 240,10980.35,24948.81,Electronics,-1.0844271916810455,18631.11,-8.007087109765077,60188821.57299999,59799006.21525351,-389815.3577464819,23702673.852999993,26234336.12619148,2531662.2731914856,8.0000257376031
P0146,17602.37387755102,18829.558367346937,11211.3,3886,Wireless Headphones 146,11771.86,25546.78,Electronics,-1.3333905910242232,19010.56,-9.752936628671193,68402824.88816327,66670063.98256776,-1732760.9055955112,24835713.08816327,27352024.987364087,2516311.8992008157,7.999978481566594
P0413,12347.304949494948,13151.968282828284,7241.36,2815,Football 413,7603.43,17765.12,Sports,-0.24337686503289052,13335.09,-1.855621052047518,34757663.43282828,36841708.3460064,2084044.9131781235,14373235.03282828,16835537.690736357,2462302.6579080764,8.000005301120039
P0398,21709.502093023257,23348.838186046512,11241.86,5133,Air Fryer 398,11803.95,31493.34,Home & Kitchen,-1.4410751888116025,23446.26,-10.497770185253119,111434874.24348837,107715633.01831563,-3719241.225172743,53730406.863488376,56068848.01049238,2338441.147004001,7.999989587669454
P0142,18833.40568181818,20190.61813636364,11886.99,4667,Coffee Maker 142,12481.34,27240.91,Home & Kitchen,-1.6607867706171486,20340.08,-11.998460643185282,87895504.31704545,83537348.57039037,-4358155.746655077,32418921.987045456,34717102.137439705,2298180.1503942497,8.000009895376326
P0436,16865.053968253967,18199.16656084656,11541.130000000001,3825,Winter Jacket 436,12118.19,24622.76,Fashion,-1.5883490888449112,18214.26,-11.506492616625952,64508831.428571425,61653017.70342485,-2855813.7251465768,20364009.17857142,22587716.16624375,2223706.987672329,8.000010164721182
P0257,17746.105532994923,18947.15695431472,10931.81,3935,Dumbbell Set 257,11478.4,25655.2,Sports,-1.445662903483986,19165.79,-10.529365633568421,69830925.27233502,67476425.57111548,-2354499.701219544,26814252.922335025,28989135.936241113,2174883.0139060877,7.999977597143726
P0452,21080.163140096618,22430.92193236715,11907.960000000001,4746,Face Serum 452,12503.36,30318.26,Beauty,-1.576955093220473,22766.58,-11.428859178509454,100046454.26289855,95701268.76346798,-4345185.499430567,43531276.102898546,45645130.72985811,2113854.6269595623,8.000018067676361
P0101,18209.822328042326,19444.6828042328,11772.75,3873,Wireless Headphones 101,12361.39,26306.3,Electronics,-1.6332014710735612,19666.61,-11.811435502000878,70526641.87650792,67172147.70430002,-3354494.172207907,24930781.12650793,26961812.638368398,2031031.5118604675,8.000010355478793
P0288,13009.234218009478,13988.994597156398,10273.25,3244,Perfume 288,10786.91,18771.51,Beauty,-1.511251176439399,14049.97,-10.979852365245346,42201955.803222746,40573702.82964542,-1628252.973577328,8875532.803222748,10906471.873662587,2030939.0704398397,7.999977281904624
P0091,15020.3783902439,15998.47707317073,9543.16,3420,Wireless Headphones 091,10020.32,21584.35,Electronics,-1.2585694568071544,16222.01,-9.231766756268623,51369694.09463414,50357552.85260152,-1012141.2420326173,18732086.894634143,20732973.424132656,2000886.5294985138,8.00000891147048
P0307,13371.193560975611,14298.859268292683,9963.27,3262,Moisturizer 307,10461.43,19233.99,Beauty,-1.4554861280520675,14440.89,-10.59698037151653,43616833.39590244,42114347.41204251,-1502485.9838599265,11116646.655902442,13058199.08158653,1941552.4256840888,8.000007135835219
P0218,18910.720412371134,20020.28907216495,11199.6,3977,Running Shoes 218,11759.58,27059.54,Fashion,-1.535374646038859,20423.58,-11.144970939303144,75207935.08,72172115.17698674,-3035819.903013259,30667125.88,32595366.218457203,1928240.3384572044,8.000010336143394
P0303,16528.199447513813,17602.730276243095,11348.35,3424,Face Serum 303,11915.77,23900.83,Beauty,-1.626233932630123,17850.46,-11.76413355391811,56592554.908287294,53929725.66068608,-2662829.247601211,17735804.508287292,19644135.27245469,1908330.7641673982,8.000027811166577
P0289,18384.180875576036,19683.291105990782,11884.74,4590,Water Bottle 289,12478.98,26577.53,Home & Kitchen,-1.8462238551729189,19854.92,-13.245449227505757,84383390.218894,79062945.59988253,-5320444.619011477,29832433.618894003,31737508.259454228,1905074.6405602247,8.000025317298132
P0393,12905.713791469194,13881.408767772511,10785.79,3244,Coffee Maker 393,11325.08,18641.27,Home & Kitchen,-1.981268076065711,13938.17,-14.142432440485564,41866135.53952607,38820865.25383899,-3045270.285687074,6877032.779526062,8780072.71320406,1903039.9336779974,7.999993066739708
P0356,15349.026549707603,16185.011461988304,11816.91,2877,Sneakers 356,12407.76,21964.69,Fashion,-1.6698857048748552,16576.95,-12.060063333492732,44159149.38350877,41940210.24035202,-2218939.143156752,10161899.313508775,12043050.06043992,1881150.746931145,8.000008641041735
P0057,12952.770243902438,13879.624292682927,10093.82,3228,Bluetooth Speaker 057,10598.51,18878.29,Electronics,-1.636533809899384,13988.99,-11.83404946474662,41811542.34731707,39812627.24347905,-1998915.103838019,9228691.38731707,11085646.983110119,1856955.595793048,7.9999856137752845
P0438,14154.372162162163,15119.396810810811,10201.07,2994,Backpack 438,10711.12,20419.24,Fashion,-1.3815107542840885,15286.72,-10.086537499144676,42378190.253513515,41151994.05830471,-1226196.1952088028,11836186.673513515,13690621.122391526,1854434.4488780107,7.999986328357678
P0407,11725.64618556701,12420.063092783506,9470.84,2662,Vacuum Cleaner 407,9944.38,16879.91,Home & Kitchen,-1.0758773915671869,12663.7,-7.946535714142955,31213670.14597938,31031925.876145095,-181744.26983428374,6002294.065979379,7823980.800369187,1821686.734389808,8.000018076510207
P0009,12568.4222513089,13410.870837696335,10374.5,2837,Perfume 009,10893.22,18122.4,Beauty,-1.5884269997955196,13573.9,-11.507023231651614,35656613.92696335,34077887.005068734,-1578726.9218946174,6224157.426963352,8032230.112169494,1808072.6852061423,8.000031575851828
P0314,14240.904770642202,15219.786100917432,11569.869999999999,3551,Football 314,12148.36,20514.98,Sports,-2.355033956163432,15380.18,-16.576977468298814,50569452.84055046,45561491.32031684,-5007961.520233616,9484844.470550464,11287469.222750554,1802624.7522000894,8.000019996667817
P0176,14265.602067307693,15351.681057692309,11793.27,3533,Bluetooth Speaker 176,12382.93,20692.19,Electronics,-2.5545720038417254,15406.85,-17.848289583709576,50400372.10379808,44717149.15860061,-5683222.945197463,8734749.193798076,10488127.282433854,1753378.088635778,7.9999983688574305
P0109,22619.211336633667,24335.764108910887,11992.44,4976,Smartphone 109,12592.06,32577.21,Electronics,-1.6234314443458218,24428.75,-11.745100576588063,112553195.61108913,107280406.35115503,-5272789.2599340975,52878814.17108913,54614841.02973982,1736026.8586506918,8.000007765238193
P0085,17733.177,18952.586,11622.08,4196,Air Fryer 085,12203.18,25539.19,Home & Kitchen,-1.8758161211170585,19151.83,-13.442803699746298,74408410.692,69558300.83509926,-4850109.856900737,25642163.012,27347604.102453753,1705441.090453755,7.99999345858895
P0215,16755.982977777778,17968.856355555556,10270.66,4265,Winter Jacket 215,10784.19,24172.98,Fashion,-1.6658542417293631,18096.46,-12.032774362997333,71464267.40022223,67894344.02208717,-3569923.3781350553,27659902.50022222,29360859.511648167,1700957.011425946,7.999990355683684
P0253,20234.771909547737,21776.85341708543,10585.14,4340,Dumbbell Set 253,11114.4,29309.08,Sports,-1.4981146377260588,21853.55,-10.88980733481193,87818910.08743718,84516047.97341421,-3302862.11402297,41879402.48743718,43579264.241615504,1699861.7541783229,7.999981900900233
P0229,15086.078990384616,15994.555673076924,11900.26,3532,Cricket Bat 229,12495.27,21718.02,Sports,-2.352236167109003,16292.97,-16.559012825799424,53284030.99403846,48017579.185043305,-5266451.8089951575,11252312.674038464,12945898.492555989,1693585.8185175247,8.000031090813042
P0237,14250.289945652174,15315.315706521738,10414.57,3132,Vacuum Cleaner 237,10935.3,20646.48,Home & Kitchen,-1.6852828134679618,15390.31,-12.164208463476145,44631908.10978261,42339012.94736805,-2292895.162414558,12013474.869782608,13688353.92420145,1674879.0544188414,7.999977956207482
P0011,15794.501756097561,16844.293268292684,11702.2,3618,Bluetooth Speaker 011,12287.31,22764.81,Electronics,-2.121022678059346,17058.06,-15.06093879193825,57144507.35356098,52421048.72433342,-4723458.629227556,14805947.753560973,16459073.671077713,1653125.91751674,7.999987992116542
P0133,12765.965159817351,13649.324794520548,9706.53,3308,Smartphone 133,10191.86,18435.72,Electronics,-1.7851238549393205,13787.24,-12.836540945048236,42229812.7486758,39753682.787708804,-2476129.960966997,10120611.508675797,11766192.312009342,1645580.803333545,7.999981414623103
P0177,13648.347610619468,14514.70371681416,10645.130000000001,3595,Denim Jacket 177,11177.39,19695.47,Fashion,-2.2052296987218027,14740.22,-15.609620137790381,49065809.66017699,44719369.00706747,-4346440.653109521,10796567.310176985,12423810.01751287,1627242.7073358838,8.000033561066179
P0445,10208.667962962962,10834.342175925927,7180.280000000001,2783,Backpack 445,7539.29,14727.96,Fashion,-0.8161430759373247,11025.36,-6.08792566188987,28410722.940925922,28815587.188139003,404864.2472130805,8428003.70092592,10049401.040694365,1621397.3397684451,7.9999862861638515
P0209,12557.33797235023,13403.511105990785,10363.48,3237,Wireless Headphones 209,10881.65,18110.79,Electronics,-2.2509002546349635,13561.93,-15.905719285138986,40648103.016497694,36917348.24443621,-3730754.772061482,7101518.256497694,8706589.086113026,1605070.8296153322,8.000039736620646
P0173,16192.170325581395,17228.67869767442,9636.48,3936,Sunscreen 173,10118.3,23316.04,Beauty,-1.5602922454747146,17487.54,-11.315203563574617,63732382.40148837,61042608.28459168,-2689774.116896689,25803197.121488374,27405187.52902906,1601990.4075406864,7.999975595440101
P0184,11952.805660377358,12671.78679245283,10102.56,3175,Yoga Mat 184,10607.69,17231.48,Sports,-2.3171440418939984,12909.03,-16.333356960974132,37950157.97169811,34291753.05916124,-3658404.9125368744,5874529.971698115,7455151.877875411,1580621.9061772963,7.999999052878892
P0191,15795.721950000001,16914.57535,11500.060000000001,3570,Wireless Headphones 191,12075.06,22901.99,Electronics,-2.083550896553933,17059.38,-14.81563226358027,56390727.3615,51878971.33005098,-4511756.03144902,15335513.1615,16906346.690948166,1570833.5294481665,8.000001861263462
P0163,15567.42857142857,16643.53978021978,10278.02,3207,Running Shoes 163,10791.92,22344.17,Fashion,-1.6068401147834617,16812.82,-11.632337153655204,49924743.428571425,47646715.26585169,-2278028.162719734,16963133.288571425,18519310.74860989,1556177.4600384645,7.999981646661536
P0072,16305.009826839827,17494.296796536797,11476.26,4390,Smart Watch 072,12050.07,23543.34,Electronics,-2.1934626826649315,17609.41,-15.533161441969302,71578993.13982683,65297353.58303192,-6281639.556794912,21198211.73982684,22742300.293619554,1544088.553792715,7.999996240498963
P0317,14294.166446700508,15372.898274111674,10941.44,3372,Mixer Grinder 317,11488.51,20695.59,Home & Kitchen,-2.1504373812577877,15437.7,-15.253005184439594,48199929.258274116,44115830.87358241,-4084098.384691708,11305393.578274112,12848820.633627722,1543427.0553536098,8.000001661960866
P0361,21033.836124401914,22647.835358851673,11703.99,5003,Water Bottle 361,12289.19,30638.26,Home & Kitchen,-2.9656610572953586,19982.14,16.429822747651546,105232282.13038278,116395671.57982758,11163389.4494448,46677220.16038278,48220116.71837907,1542896.5579962954,-5.000020529692229
P0208,14135.35711442786,15262.961293532338,10770.58,3338,Running Shoes 208,11309.11,20527.63,Fashion,-2.094340009969716,15266.19,-14.8863350130928,47183822.04796019,43372670.643992834,-3811151.403967358,11231626.007960195,12772438.951071115,1540812.9431109205,8.000030536320214
P0396,11414.056553191489,12274.529489361703,7471.45,3310,Yoga Mat 396,7845.02,16568.56,Sports,-1.2580029450406043,12327.18,-9.227809235354512,37780527.19106383,37037749.19086211,-742778.000201717,13050027.691063829,14589333.007672414,1539305.3166085854,7.999990560351589
P0339,14323.634356435645,15488.206237623763,9622.529999999999,3596,Perfume 339,10103.66,20859.93,Beauty,-1.70674469015414,15469.53,-12.30916958150109,51507789.14574258,48781016.67468,-2726772.4710625783,16905171.26574258,18437693.70916802,1532522.4434254393,8.00003417463322
P0313,13693.272040816326,14674.315306122448,10456.24,3099,Smartphone 313,10979.05,19692.63,Electronics,-1.947679022765557,14788.73,-13.920199345246342,42435450.05448979,39450618.87896055,-2984831.1755292416,10031562.294489795,11557416.890762433,1525854.596272638,7.999972219337925
P0376,17121.50479262673,18296.393870967742,9376.92,4139,Air Fryer 376,9845.77,24701.99,Home & Kitchen,-1.5120696811738739,18491.23,-10.985459832699519,70865908.33668204,68127439.4365804,-2738468.900101632,32054836.45668203,33579942.268597946,1525105.8119159155,8.00002817487826
P0391,20603.53310526316,22247.074947368423,11433.130000000001,4232,Yoga Mat 391,12004.79,29816.98,Sports,-1.6470922911087937,22251.82,-11.905663284625579,87194152.10147369,82958158.74425897,-4235993.357214719,38809145.941473685,40333708.49791392,1524562.5564402342,8.000020609648683
P0367,11000.44989304813,11733.280481283424,8774.14,2449,Football 367,9212.85,15834.84,Sports,-1.141834809968125,11880.49,-8.41262907221384,26940101.78807487,26647629.42920466,-292472.35887020826,5452232.92807487,6967455.271920208,1515222.3438453376,8.00003741217914
P0124,9799.1592,10443.326850000001,7906.96,2542,Smartphone 124,8302.31,14156.19,Electronics,-0.9540996744792056,10583.09,-7.079742259045785,24909462.6864,24997611.88449687,88149.19809687138,4809970.3664,6321111.816129572,1511141.449729572,7.999980243202898
P0059,15768.069086021505,16711.934139784946,11011.51,3194,Smart Watch 059,11562.09,22601.48,Electronics,-1.83152638275446,17029.51,-13.147262790885705,50363212.66075269,47241175.04169577,-3122037.6190569177,15192449.720752688,16694404.730977014,1501955.0102243256,7.999970745287821
P0030,12697.479523809523,13640.8117989418,9924.23,2806,Wireless Mouse 030,10420.44,18381.8,Electronics,-1.7744792978809443,13713.28,-12.765105971547818,35629127.54380952,33567514.18859264,-2061613.3552168757,7781738.163809523,9274873.573259195,1493135.4094496723,8.000016651223675
P0098,11857.300982905983,12639.474871794871,9180.72,3212,Water Bottle 098,9639.76,17062.07,Home & Kitchen,-1.8615094192441057,12805.89,-13.347446660977202,38085650.75709402,35642363.94374921,-2443286.8133448064,8597178.11709402,10089849.460510073,1492671.3434160538,8.000041649120181
P0197,12172.775829383887,12946.540521327013,7288.11,2966,Denim Jacket 197,7652.52,17460.02,Fashion,-1.093207936151932,13146.6,-8.069232641652558,36104453.109952606,35846388.8580753,-258064.2518773079,14487918.84995261,15974143.03657723,1486224.18662462,8.00001728665205
P0296,18995.99811827957,20248.03860215054,9911.7,3818,Perfume 296,10407.29,27376.87,Beauty,-1.47734629554974,20515.68,-10.74726388290782,72526720.8155914,69910649.36343354,-2616071.452157855,34683850.2155914,36134851.927682884,1451001.7120914832,8.000010698348415
P0005,11920.429181286549,12858.035204678363,10018.66,2613,Smart Watch 005,10519.59,17299.52,Electronics,-1.9620128935956158,12874.06,-14.015105887168867,31148081.45070175,28925256.441849437,-2222825.008852314,4969322.870701752,6415478.59678274,1446155.7260809885,7.999970506183796
P0346,13386.081542288557,14264.603333333333,7300.43,3135,Sunscreen 346,7665.45,19308.63,Beauty,-1.1694005222981714,14456.97,-8.6067244320563,41965365.63507462,41421804.0385956,-543561.596479021,19078517.585074626,20504763.93144255,1426246.3463679254,8.000014450295634
P0139,13096.453567839195,13964.830301507538,10556.98,3007,Mixer Grinder 139,11084.83,18869.3,Home & Kitchen,-2.274390938725788,14144.17,-16.057613259108084,39381035.87849246,35701971.954869024,-3679063.923623435,7636197.01849246,9054596.548734877,1418399.530242417,8.000001120407664
P0203,14917.546320754716,16051.699575471699,10800.0,3644,Smartphone 203,11340.0,21585.33,Electronics,-2.160251282203732,16110.95,-15.316989409274317,54359538.792830184,49715957.51244218,-4643581.280388005,15004338.792830186,16388789.328440906,1384450.5356107205,7.999999822926029
P0284,12177.216923076923,13116.84346153846,8590.29,2745,Wireless Headphones 284,9019.8,17626.14,Electronics,-1.418195840936014,13151.39,-10.340034177718827,33426460.453846153,32367765.25999813,-1058695.1938480213,9846114.403846152,11225635.0507925,1379520.6469463482,7.999964877663723
P0179,17805.48597765363,19014.739776536313,10873.57,3667,Yoga Mat 179,11417.25,25798.76,Sports,-1.74750500660585,19229.92,-12.583820882626107,65292717.080055855,61642510.394365944,-3650206.6856899112,25419335.890055858,26786724.073162276,1367388.1831064187,7.999972728259563
P0074,11192.963333333335,11909.065625,7592.99,3269,Backpack 074,7972.64,16086.38,Fashion,-1.4889485943584884,12088.4,-10.826924311251995,36589797.13666667,35238507.29464225,-1351289.8420244232,11768312.826666672,13104426.303815238,1336113.4771485664,7.999996426326161
P0500,15242.129247311828,16339.348279569891,8553.01,3140,Football 500,8980.66,21879.29,Sports,-1.3866727358102644,16461.5,-10.122250458457504,47860285.83655914,46457007.660772875,-1403278.1757862642,21003834.43655914,22319033.53573479,1315199.0991756506,8.000002708960263
P0461,9270.782425742575,9830.87202970297,7341.71,2318,Wireless Mouse 461,7708.8,13298.53,Electronics,-0.8843698354285849,10012.45,-6.579747052848095,21489673.662871286,21681764.092841584,192090.42997029796,4471589.882871288,5783427.1788073545,1311837.2959360667,8.000053719284871
P0419,13981.641685393259,14873.987134831461,9008.07,2746,Winter Jacket 419,9458.47,20144.73,Fashion,-1.4477723026167266,15100.17,-10.543889256411966,38393588.06808989,37093043.51347769,-1300544.554612197,13657427.848089889,14965036.633363122,1307608.7852732334,7.9999783986402395
P0079,14154.344523809525,15116.540047619048,8547.630000000001,3507,Air Fryer 079,8975.01,20405.6,Home & Kitchen,-1.5554670820156842,15286.69,-11.282264383987995,49639286.245000005,47561958.79111567,-2077327.4538843334,19662747.835,20967452.69769958,1304704.8626995794,7.999985264494014
P0366,14027.435315789473,14996.11494736842,10921.48,3028,Vacuum Cleaner 366,11467.55,20098.62,Home & Kitchen,-2.371650996966419,15149.63,-16.683596042154324,42475074.13621052,38219800.69661715,-4255273.439593375,9404832.696210526,10666864.74863187,1262032.0524213444,7.99999899445174
P0231,12508.604971751412,13436.450395480228,10630.0,2731,Backpack 231,11161.5,18182.41,Fashion,-2.691694507569618,13509.29,-18.710685555783215,34161000.17785311,29990782.28001362,-4170217.8978394866,5130470.177853107,6392063.463490932,1261593.2856378248,7.999973062611443
P0305,16640.071058201058,17834.561005291005,10294.25,3586,Winter Jacket 305,10808.96,24039.1,Fashion,-1.7769881045633493,17971.28,-12.781947691582607,59671294.81470899,56207672.41457106,-3463622.400137931,22756114.314708993,24010970.976334363,1254856.6616253704,8.00001957409222
P0401,13675.8297716895,14670.768401826483,9466.05,3565,Smart Watch 401,9939.35,19828.35,Electronics,-1.9623620043504493,14769.9,-14.01741609200573,48754333.13607307,45273854.22930764,-3480478.906765431,15007864.886073068,16257768.850266745,1249903.9641936775,8.000028126814996
P0092,13388.017857142857,14377.17456043956,8379.55,3026,Winter Jacket 092,8798.53,19355.61,Fashion,-1.4949785747477444,14459.06,-10.86829757786435,40512142.03571428,38997894.83483424,-1514247.2008800432,15155623.735714287,16397198.399063874,1241574.6633495875,8.000005335261129
P0365,22183.726517412935,23507.33462686567,11445.99,4754,Football 365,12018.29,31874.39,Sports,-1.6759494513286897,23958.42,-12.101092886325027,105461435.8637811,100115405.51470506,-5346030.349076033,51047199.40378109,52285886.35211421,1238686.9483331144,7.999979089149112
P0044,10529.113798076924,11163.185096153846,7707.25,2715,Cricket Bat 044,8092.61,15165.24,Sports,-1.5084177778698251,11371.44,-10.960438399141136,28586543.961778846,27489600.094037045,-1096943.8677418008,7661360.2117788475,8857908.218862887,1196548.00708404,7.999972439056768
P0324,11522.24875,12199.907115384616,8775.75,2780,Water Bottle 324,9214.54,16558.8,Home & Kitchen,-1.8819335079067938,12444.03,-13.483545275937736,32031851.525000002,29929848.107657906,-2102003.4173420966,7635266.525000002,8822787.691915542,1187521.1669155397,8.000011716462897
P0290,12929.676285714286,13778.737380952381,8209.810000000001,3169,Perfume 290,8620.3,18621.97,Beauty,-1.6056032576268078,13964.05,-11.623925051853078,40974144.14942857,39108247.570289604,-1865896.5791389644,14957256.259428568,16115543.229447842,1158286.9700192735,7.9999969947319505
P0380,14283.041902173913,15274.167336956521,10625.64,3062,Coffee Maker 380,11156.92,20698.13,Home & Kitchen,-2.260491418613313,15425.69,-15.967770235022115,43734674.30445652,39691319.75836449,-4043354.546092026,11198964.624456523,12350837.444400743,1151872.8199442197,8.000033225780667
P0319,19182.725541401276,20431.73433121019,11584.89,3389,Smart Watch 319,12164.13,27765.67,Electronics,-1.8262944606804363,20717.34,-13.112284132397267,65010256.85980892,61004801.44636145,-4005455.4134474695,25749064.64980893,26891648.31270327,1142583.662894342,7.999981312804749
P0029,10589.692886597937,11332.737525773196,8293.25,2545,Face Serum 029,8707.91,15257.84,Beauty,-1.7610134658098184,11436.87,-12.674653711001515,26950768.39639175,25417639.97607066,-1533128.4203210883,5844447.14639175,6986471.855639686,1142024.7092479356,8.000015887847244
P0281,14527.783853658537,15587.422341463414,11383.39,3596,Football 281,11952.56,21027.74,Sports,-2.842296505349829,15690.01,-19.647429117613036,52241910.737756096,45335935.824338295,-6905974.913417801,11307240.2977561,12443875.74356579,1136635.4458096903,8.000023665335432
P0012,12429.610402010052,13191.702763819096,9423.18,2809,Dumbbell Set 012,9894.34,17848.09,Sports,-2.075956915990099,13423.98,-14.76583250519875,34914775.61924624,32140063.79828175,-2774711.8209644854,8445062.999246236,9578824.608358407,1133761.6091121715,8.000006161328631
P0292,9651.469214659686,10476.770157068064,7876.610000000001,2297,Wireless Mouse 292,8270.44,14014.54,Electronics,-1.5425693128155027,10423.59,-11.194157153972462,22169424.7860733,21262764.09821961,-906660.6878536902,4076851.616073298,5195502.0020668665,1118650.3859935687,8.000033654643325
P0377,17731.93719211823,18889.93236453202,11312.48,3741,Winter Jacket 377,11878.1,25521.3,Fashion,-2.003244295785179,19150.49,-14.28752170891887,66335177.03571429,61406126.15337378,-4929050.882340513,24015189.355714295,25132615.900365576,1117426.544651281,7.999987776362727
P0255,12807.685073891626,13665.587832512316,9893.380000000001,3163,Smartphone 255,10388.05,18531.53,Electronics,-2.431730937677382,13832.3,-17.06794639570276,40510707.88871921,36284070.94029311,-4226636.948426098,9217946.948719209,10332341.663267719,1114394.7145485096,8.00000093847595
P0320,15334.68243902439,16536.35575609756,9193.1,3673,Water Bottle 320,9652.76,22192.92,Home & Kitchen,-1.7400675828587273,16561.46,-12.533770249038733,56324288.59853658,53205910.20488572,-3118378.3936508596,22558032.29853658,23671838.891229283,1113806.592692703,8.000019340822151
P0448,11936.17291005291,12683.973068783069,7392.41,2614,Backpack 448,7762.03,17089.47,Fashion,-1.3218113669310727,12891.07,-9.672477190246676,31201155.986878306,30437889.794230554,-763266.1926477514,11877396.246878307,12983216.307380121,1105820.060501814,8.000027287999934
P0193,15977.116937799043,16974.296602870814,9669.01,3620,Dumbbell Set 193,10152.46,22926.42,Sports,-1.7887749840639895,17255.29,-12.861029974163197,57837163.31483253,54430605.077082686,-3406558.237749845,22835347.114832535,23930382.950066194,1095035.8352336586,8.000023203041252
P0416,10308.378492462312,11088.516532663316,7504.18,2529,Coffee Maker 416,7879.39,14908.32,Home & Kitchen,-1.4898297284049193,11133.05,-10.832971199431295,26069889.207437187,25105405.267301615,-964483.9401355721,7091817.987437187,8183223.036771774,1091405.0493345875,8.000011914004745
P0492,16664.278719211823,17891.269950738915,11398.43,3898,Sunscreen 492,11968.35,24143.14,Beauty,-2.272258876283171,17997.42,-16.04383837991341,64957358.44748769,58898561.22969666,-6058797.217791028,20526278.307487685,21595931.777808063,1069653.4703203775,7.999993898633195
P0234,9543.575662100457,10214.587260273973,6984.43,2509,Perfume 234,7333.65,13739.04,Beauty,-1.4206607184604638,10307.06,-10.357041018895485,23944831.336210046,23182043.759438504,-762787.5767715424,6420896.466210045,7473070.012048933,1052173.5458388878,7.999982029078456
P0349,8341.619947916666,8934.280416666666,6833.43,2038,Mixer Grinder 349,7175.1,12038.1,Home & Kitchen,-0.9477900670333355,9008.95,-7.034609786151691,17000221.453854166,17068667.98873739,68446.53488322347,3073691.113854165,4121814.7149064145,1048123.6010522493,8.000005469561122
P0007,11817.818461538462,12670.475266272188,9353.86,2435,Smart Watch 007,9821.55,17104.55,Electronics,-2.144479023961482,12763.24,-15.21413457386338,28776387.953846153,26350174.330255065,-2426213.6235910878,5999738.853846152,7038795.275745708,1039056.4218995553,7.999966673531578
P0450,12854.594052631579,13776.57705263158,9577.59,2981,Smartphone 450,10056.47,18591.73,Electronics,-2.2427480739325465,13882.96,-15.852941952453936,38319544.87089474,34824351.23935263,-3495193.631542109,9768749.080894737,10799696.53290499,1030947.4520102534,7.999987733240732
P0015,19234.225837563452,20743.39076142132,11828.8,4252,Wireless Headphones 015,12420.24,27897.16,Electronics,-2.0479372248044556,20772.96,-14.581833130056754,81783928.2613198,75446998.90025271,-6336929.361067086,31487870.6613198,32485028.490481943,997157.8291621432,7.999979699892457
P0089,16443.09273224044,17494.515628415298,9746.93,3441,Dumbbell Set 089,10234.28,23634.9,Sports,-1.7865190252006486,17758.54,-12.845899510580805,56580682.09163935,53257375.28996585,-3323306.8016734943,23041495.96163935,24026599.30689231,985103.3452529609,7.999999082777953
P0395,10984.943560209425,11866.231361256545,7514.27,2623,Mixer Grinder 395,7889.98,16022.42,Home & Kitchen,-1.6271808101606695,11863.74,-11.77056330374987,28813506.95842932,27455754.472405583,-1357752.486023739,9103576.748429323,10065794.07489855,962217.3264692277,8.000008693479543
P0175,12065.015076923077,12871.599333333334,7186.08,2866,Winter Jacket 175,7545.38,17338.13,Fashion,-1.4818530248717203,13030.22,-10.778215164319171,34578333.210461535,33319518.541346975,-1258814.66911456,13983027.930461539,14944019.578173762,960991.6477122232,8.000030807446601
P0219,15837.443520408164,16765.727653061225,8901.99,3418,Denim Jacket 219,9347.09,22732.8,Fashion,-3.1356693554713218,15045.57,17.44956381915539,54132381.9527551,60399334.16400856,6266952.211253457,23705380.132755104,24662953.243172087,957573.1104169823,-5.000008488666463
P0046,13056.857673267326,13810.327475247524,7007.54,3036,Running Shoes 046,7357.92,18777.68,Fashion,-3.2159457043596125,12404.01,17.934175696239386,39640619.896039605,44412346.399510086,4771726.50347048,18365728.456039604,19321978.54947629,956250.0934366845,-5.000036682669595
P0354,11259.249794871796,12083.595538461537,7206.09,2711,Smart Watch 354,7566.39,16289.26,Electronics,-1.528764085445064,12159.99,-11.09975394216307,30523826.193897437,29306617.120052602,-1217209.0738448352,10988116.203897437,11939322.86979717,951206.6658997331,8.000001967612992
P0228,15846.400050761422,16966.855177664977,10765.42,3602,Air Fryer 228,11303.69,22892.11,Home & Kitchen,-2.2465674456540206,17114.11,-15.877672741445014,57078732.98284264,51857235.23925273,-5221497.743589908,18301690.142842643,19237084.36019787,935394.2173552252,7.999987032876055
P0014,8725.461414634146,9220.413463414634,6919.59,2299,Bluetooth Speaker 014,7265.57,12497.1,Electronics,-1.6126742825800704,9423.5,-11.67200564853702,20059835.7922439,19135926.675524816,-923909.1167190857,4151698.3822439024,5084587.962597047,932889.5803531446,8.000019164546623
P0344,9562.592968750001,10059.01953125,5706.54,2278,Air Fryer 344,5991.87,13682.82,Home & Kitchen,-1.0495724721666764,10327.6,-7.759988947662288,21783586.782812502,21700637.484546773,-82949.2982657291,8784088.662812503,9709898.981910339,925810.3190978356,7.999995751675271
P0181,13645.432222222222,14660.681818181818,8997.23,3299,Air Fryer 181,9447.09,19753.58,Home & Kitchen,-1.9816859910475022,14737.07,-14.145193847799442,45016280.90111111,41740531.96094534,-3275748.940165773,15334419.131111111,16257227.075947717,922807.9448366053,8.000023451071003
P0293,12975.628031914892,13764.246010638299,7254.43,2838,Sneakers 293,7617.15,18707.65,Fashion,-1.451761568601777,14013.68,-10.57134968266855,36824832.354574464,35566506.6008212,-1258325.7537532672,16236760.014574463,17154871.380803358,918111.3662288953,8.000013298253572
P0020,10636.856062176166,11416.308186528497,8977.74,2619,Water Bottle 020,9426.63,15328.98,Home & Kitchen,-2.9163273826324505,11487.8,-20.103935652849046,27857926.02683938,24037977.42452012,-3819948.602319259,4345224.96683938,5252254.655869278,907029.6890298985,7.999957250993783
P0164,11280.793076923077,11983.664769230769,8671.97,2537,Moisturizer 164,9105.57,16156.3,Beauty,-2.1923218712941543,12183.26,-15.525745094307453,28619372.036153845,26110081.389127415,-2509290.647026431,6618584.146153848,7525079.74566808,906495.599514232,8.00003082161913
P0201,7392.902083333333,7920.148287037037,6046.88,2179,Running Shoes 201,6349.22,10689.35,Fashion,-1.2654477025718824,7984.33,-9.279802836613039,16109133.639583334,15783376.82307497,-325756.81650836393,2932982.1195833334,3829946.185584363,896964.0660010297,7.99994251242675
P0316,12128.009122807018,13039.777587719298,8855.86,3476,Winter Jacket 316,9298.65,17641.15,Fashion,-2.3915286331308026,13098.25,-16.810956331794923,42156959.710877195,37875569.35291478,-4281390.357962415,11373990.350877192,12267511.529654196,893521.1787770037,8.000001215108089
P0387,10237.714292682927,10832.173804878048,8410.369999999999,2452,Coffee Maker 387,8830.89,14654.12,Home & Kitchen,-2.476627482454419,11056.73,-17.354005769484992,25102875.44565854,22406242.671913307,-2696632.7737452313,4480648.20565854,5362797.936939213,882149.7312806733,7.999985972478618
P0414,9363.13523255814,10005.244186046511,7908.4400000000005,2063,Sunscreen 414,8303.86,13440.13,Beauty,-2.052357181729153,10112.19,-14.610884415557113,19316147.98476744,17813398.963509113,-1502749.021258328,3001036.26476744,3882069.3591873236,881033.0944198836,8.000042174304989
P0310,15476.57711442786,16741.300696517414,9342.029999999999,3611,Vacuum Cleaner 310,9809.13,22405.68,Home & Kitchen,-1.8841336045627088,16714.7,-13.498193151522464,55885919.960199006,52209716.982623376,-3676202.97757563,22151849.630199008,23029136.62363721,877286.9934382029,7.9999787835380864
P0080,11809.382236842104,12585.49807017544,7299.95,3198,Wireless Mouse 080,7664.95,17038.42,Electronics,-1.7140528412451133,12754.13,-12.358476800385299,37766404.39342105,35746976.23357004,-2019428.1598510072,14421164.29342105,15286852.215322789,865687.9219017383,7.999976156335564
P0405,8281.386161616161,8850.432878787879,6770.12,2173,Air Fryer 405,7108.63,11958.39,Home & Kitchen,-1.6874811120995155,8943.9,-12.179067560070944,17995452.129191916,17068075.7651684,-927376.3640235178,3283981.3691919185,4148324.9681088813,864343.5989169627,8.000035567168196
P0371,8617.900234741785,9233.490563380281,6979.58,2352,Bluetooth Speaker 371,7328.56,12390.07,Electronics,-1.9418245839696953,9307.33,-13.881406172596389,20269301.352112677,18852088.28732461,-1417213.0647880659,3853329.1921126773,4714883.900034555,861554.707921878,7.999973850693709
P0467,7814.290502512563,8329.77663316583,5414.84,2042,Water Bottle 467,5685.58,11264.95,Home & Kitchen,-0.9120210891498273,8439.43,-6.778340437630225,15956781.206130654,16065190.353338623,108409.1472079698,4899677.926130653,5757575.1761974,857897.250066747,7.999952104243291
P0444,10762.220095238095,11568.676904761904,6313.75,2681,Water Bottle 444,6629.44,15519.17,Home & Kitchen,-1.4017098395802867,11623.2,-10.226203223720065,28853512.075333335,27975124.756795466,-878387.3185378686,11926348.325333335,12778967.17188234,852618.8465490062,8.000021344507346
P0363,14806.8925,15843.750555555556,7986.71,3714,Face Serum 363,8386.05,21355.27,Beauty,-1.6573476821964532,15991.44,-11.975165680447386,54992798.745,52279905.58160895,-2712893.163391046,25330157.805,26169415.03937017,839257.234370172,7.999973660915005
P0388,11925.304044943821,12765.861516853933,9910.86,2440,Wireless Headphones 388,10406.4,17156.99,Electronics,-3.001540616841197,12879.33,-20.626187608536284,29097741.869662926,24943666.005120926,-4154075.864542,4915243.469662922,5749095.093536207,833851.623873285,8.00001368066312
P0136,11794.07574074074,12569.671805555556,8932.91,3038,Coffee Maker 136,9379.56,16972.97,Home & Kitchen,-2.5141274526144253,12737.6,-17.59218128878309,35830402.10037037,31889217.030883126,-3941185.069487244,8692221.520370368,9525234.376994051,833012.8566236831,7.999984738100396
P0488,14345.588808290157,15263.052590673575,8131.87,3229,Coffee Maker 488,8538.46,20649.61,Home & Kitchen,-1.677501039464671,15493.24,-12.111588429754727,46321906.26196892,43968514.63251865,-2353391.629450269,20064098.031968914,20890944.066010512,826846.0340415984,8.000028489918986
P0498,7695.598432432433,8200.239837837838,6542.09,1883,Wireless Headphones 498,6869.19,11122.6,Electronics,-1.3709493169616336,8311.25,-10.013424399545167,14490811.848270271,14082968.187680462,-407843.6605898086,2172056.3782702703,2997741.983633747,825685.6053634766,8.000047988119508
P0280,15313.683672316383,16412.25790960452,9318.99,3057,Winter Jacket 280,9784.94,22210.05,Fashion,-1.8474332234874986,16538.78,-13.253523466027472,46813930.98627118,43858190.51024669,-2955740.4760244936,18325778.556271184,19145722.04759441,819943.4913232252,8.000010669531509
P0106,12893.577619047619,13805.865396825397,8138.03,2757,Bluetooth Speaker 106,8544.93,18600.41,Electronics,-1.7697990135814616,13925.06,-12.733678341987009,35547593.495714284,33502763.46418516,-2044830.0315291248,13111044.785714285,13923212.697959797,812167.912245512,7.999970306368476
P0403,9559.843456221199,10169.369124423964,5967.46,2622,Moisturizer 403,6265.83,13833.67,Beauty,-1.4469040073949246,10324.63,-10.537911160633328,25065909.542211983,24218445.16409289,-847464.3781190924,9419229.422211982,10220598.294726964,801368.8725149818,7.999990243366439
P0246,16147.931055555555,17161.6765,11182.060000000001,3302,Cricket Bat 246,11741.16,23253.9,Sports,-2.388946776903568,17439.77,-16.794424831510657,53320468.34544444,47914850.55890808,-5405617.786536358,16397306.225444438,17192721.146568295,795414.9211238567,8.000027619637384
P0248,12267.286117021276,13152.357606382979,8478.19,2725,Resistance Bands 248,8902.1,17676.21,Sports,-2.0384699644128204,13248.67,-14.519573902404758,33428354.668882977,30860676.009046663,-2567678.6598363146,10325286.918882977,11112075.25473055,786788.3358475734,8.000008099729738
P0472,10098.046461538463,10829.501333333332,8052.67,2513,Resistance Bands 472,8455.3,14567.73,Sports,-2.4756134864395363,10905.89,-17.34755597410412,25376390.757846158,22652143.740275115,-2724247.017571043,5140031.047846156,5926297.858088421,786266.8102422645,7.999998232712224
P0064,16144.225154639176,17134.14881443299,11462.82,3401,Air Fryer 064,12035.96,23140.76,Home & Kitchen,-2.5417722758039485,17435.76,-17.76732367185787,54906509.750927836,48763179.8422851,-6143329.908642739,15921458.93092784,16704729.185112782,783270.2541849427,7.999980383014482
P0306,8519.493212669684,9099.99552036199,6466.18,2491,Yoga Mat 306,6789.49,12334.69,Sports,-1.873578828876527,9201.05,-13.427898622841894,21222057.592760183,19842171.710605077,-1379885.8821551055,5114803.212760182,5897783.119674738,782979.9069145555,7.999968663825507
P0205,12860.097755102042,13959.886479591836,7588.37,3126,Sunscreen 205,7967.79,18727.73,Beauty,-1.7133950902930473,13888.91,-12.354040169186609,40200665.58244898,38052999.94476189,-2147665.6376870945,16479420.962448984,17262287.4137477,782866.4512987174,8.000034404791311
P0119,14339.026872037914,15232.231800947868,9017.26,3499,Yoga Mat 119,9468.12,20629.15,Sports,-2.005637607585837,15486.15,-14.303307787952457,50172255.02526066,46435640.002028465,-3736615.023232192,18620862.28526066,19397140.077016354,776277.7917556949,8.000006821934713
P0318,17840.92652173913,19024.508212560388,10331.11,4006,Wireless Mouse 318,10847.67,25632.84,Electronics,-1.9300380556569647,19268.2,-13.803252254066244,71470751.64608695,66533900.58918039,-4936851.056906559,30084324.98608695,30860146.800004303,775821.8139173537,7.9999963932464
P0497,8211.200787037038,8787.261064814815,4473.77,2142,Moisturizer 497,4697.46,11824.18,Beauty,-0.9037053835450015,8868.1,-6.718660845174373,17588392.085833337,17719222.687344037,130830.60151069984,8005576.7458333345,8780244.209457979,774667.4636246441,8.000038362233264
P0484,14193.310657276996,15066.908309859156,10639.4,3372,Perfume 484,11171.37,20321.91,Beauty,-2.7889310342039932,15328.78,-19.31673748874706,47859843.53633803,41704073.85373041,-6155769.682607621,11983786.73633803,12758100.767100202,774314.0307621714,8.000031635613091
P0172,15283.159827586207,16341.029425287357,11490.06,3131,Smartphone 172,12064.56,22108.0,Electronics,-2.828029126777773,16505.81,-19.559150941382562,47851573.420172416,41571588.90286194,-6279984.517310478,11876195.560172416,12632689.500232069,756493.9400596526,7.999982897560898
P0178,10159.50558252427,10889.974757281552,7329.34,2686,Air Fryer 178,7695.81,14677.25,Home & Kitchen,-2.048817088982992,10972.27,-14.58761704787973,27288431.99466019,25172316.039860714,-2116115.954799477,7601824.754660191,8357515.67375208,755690.9190918887,8.000039085305444
P0158,11861.156093750002,12622.57953125,6413.47,2783,Running Shoes 158,6734.14,17086.91,Fashion,-1.4620236968605167,12810.05,-10.641951122927306,33009597.408906255,31856470.761717398,-1153126.6471888572,15160910.398906253,15907232.299405873,746321.9004996195,8.000011961312925
P0352,10943.46962566845,11700.052673796792,7922.780000000001,2467,Cricket Bat 352,8318.92,15786.64,Sports,-2.0749730721602817,11818.95,-14.759378530386657,26997539.566524066,24853900.148650654,-2143639.4178734124,7452041.3065240625,8193195.96249419,741154.6559701273,8.000025625127783
P0342,19927.040360824743,21227.975567010308,11619.880000000001,4102,Hair Dryer 342,12200.87,28688.54,Beauty,-2.907803342268239,18930.69,16.084804681768674,81740719.5601031,90144126.91447707,8403407.354373962,34075971.80010309,34812597.57522335,736625.7751202583,-4.999991683579386
P0081,8299.447219730942,8917.141704035876,5678.27,2438,Cricket Bat 081,5962.18,12060.82,Sports,-1.5275177413917504,8963.4,-11.091226227272255,20234052.321704037,19429035.628059942,-805016.6936440952,6390430.061704037,7120840.830965562,730410.769261525,7.9999638854331145
P0060,16194.578155339806,17305.18796116505,8741.93,3905,Coffee Maker 060,9179.03,23443.57,Home & Kitchen,-1.760673673429598,17490.14,-12.672370055628646,63239827.69660194,59643910.12501432,-3595917.571587622,29102591.046601944,29832670.430068012,730079.3834660687,7.999972782452569
P0051,7330.542777777778,7783.701712962963,4440.299999999999,2144,Cricket Bat 051,4662.32,10553.26,Sports,-0.9691935587614697,7916.99,-7.187619575245119,15716683.715555556,15753990.542655872,37306.82710031606,6196680.515555557,6918248.956223036,721568.4406674793,8.000051837907707
P0090,20424.351082474226,21950.201907216495,11556.56,4356,Hair Dryer 090,12134.39,29571.48,Beauty,-2.73646849812501,19403.13,15.069083057922516,88968473.31525773,97256446.13177456,8287972.8165168315,38628097.95525773,39330237.79710621,702139.8418484777,-5.000017275214763
P0100,10596.384371859298,11250.216030150756,7755.610000000001,2508,Smartphone 100,8143.39,15277.5,Electronics,-2.180020082145233,11444.1,-15.44573050411201,26575732.00462312,24268589.344469503,-2307142.660153616,7124662.124623118,7821879.298300805,697217.1736776866,8.00004603826916
P0028,10663.78009174312,11376.730596330275,8387.3,2844,Moisturizer 028,8806.66,15363.76,Beauty,-2.814638497343165,11516.88,-19.476209348104444,30327790.580917433,26374773.524461105,-3953017.0564563274,6474309.380917434,7167046.259783844,692736.8788664108,7.999976564758948
P0104,14742.502989130433,15801.838423913043,8410.15,3261,Hair Dryer 104,8830.66,21399.96,Beauty,-1.7932725359202268,15921.9,-12.891186713045888,48075302.24755434,45228051.29371784,-2847250.9538365006,20649803.097554345,21338024.446129154,688221.3485748097,7.999978102355687
P0442,7299.7965841584155,7813.264801980198,6206.6900000000005,2019,Yoga Mat 442,6517.02,10564.34,Sports,-2.0646916993005293,7883.78,-14.691903904795812,14738289.30341584,13578790.321886959,-1159498.981528882,2206982.1934158397,2888570.8105030023,681588.6170871626,7.999995741099286
P0055,15275.7184375,16265.790208333334,9320.54,3284,Face Serum 055,9786.57,21901.59,Beauty,-3.3412986552019235,14511.93,18.694907870973697,50165459.34875,56566653.469197094,6401194.120447092,19556805.988749996,20235740.562999398,678934.5742494017,-5.000016468128877
P0129,10301.708125000001,11069.09298076923,6504.1,2656,Bluetooth Speaker 129,6829.3,14875.18,Electronics,-1.7071718891278966,11125.84,-12.312052604975122,27361336.78,25912002.17039975,-1449334.6096002497,10086447.180000002,10764006.065403126,677558.8854031246,7.999953648463509
P0217,8068.72652173913,8567.478212560387,4149.9,2133,Vacuum Cleaner 217,4357.39,11582.42,Home & Kitchen,-0.979750086177449,8714.22,-7.262993567412856,17210593.670869563,17237436.508412,26842.837542437017,8358856.970869564,9028600.875537325,669743.9046677602,7.999942450915287
P0021,12058.395342465754,12886.874474885846,8476.5,3171,Perfume 021,8900.33,17447.12,Beauty,-2.371891980756193,13023.07,-16.68514124412681,38237171.63095891,34405825.179500155,-3831346.451458752,11358190.130958905,12011639.70775787,653449.5767989643,8.000025128857535
P0427,10531.892337662337,11237.064935064935,6647.0,2916,Coffee Maker 427,6979.35,15188.93,Home & Kitchen,-3.927235982856872,10005.3,22.316391095256073,30710998.056623373,35686355.267586134,4975357.210962761,11328346.056623375,11978194.842633665,649848.7860102896,-4.9999783588674624
P0037,11799.092488262912,12699.050469483567,8726.369999999999,3032,Vacuum Cleaner 037,9162.69,17074.53,Home & Kitchen,-2.6076430978540768,12743.02,-18.183146265050464,35774848.424413145,31611443.842046157,-4163404.582366988,9316494.58441315,9964051.180097956,647556.5956848059,8.000000954955278
P0236,8277.87768558952,8804.876200873363,6662.21,2599,Denim Jacket 236,6995.32,11952.91,Fashion,-2.610712206535006,8940.11,-18.20246927097331,21514204.10484716,19005934.730869304,-2508269.373977855,4199120.314847161,4842623.746987337,643503.4321401762,8.00002536354607
P0008,6140.0499118942735,6583.826123348018,4544.27,2092,Resistance Bands 008,4771.48,8873.7,Sports,-1.197775216426318,6631.25,-8.806086375040923,12844984.41568282,12650951.512631424,-194032.90305139683,3338371.5756828194,3981499.2106625545,643127.6349797351,7.999936403679597
P0269,17955.820932642488,19261.516994818652,9878.55,3766,Water Bottle 269,10372.48,25950.93,Home & Kitchen,-2.7027044551232366,17058.03,14.86997094822733,67621621.63233161,73793090.26759054,6171468.635258928,30419002.332331613,31058452.285700932,639449.9533693194,-4.9999993651661185
P0373,11268.541293532337,12160.886368159205,5943.57,2841,Smartphone 373,6240.75,16374.78,Electronics,-2.9762502638732955,10705.11,16.493079399366838,32013925.81492537,35429307.617513634,3415381.8025882654,15128243.44492537,15758656.247104643,630412.8021792732,-5.000037527978196
P0277,14807.067894736841,15841.797789473685,9118.279999999999,3231,Denim Jacket 277,9574.19,21405.17,Fashion,-2.020879746278388,15991.63,-14.40377542835437,47841636.36789473,44226685.26455032,-3614951.1033444107,18380473.68789474,19009042.295559675,628568.6076649353,7.999977535621405
P0206,12281.982885572139,13066.253880597014,9050.1,2839,Wireless Mouse 206,9502.61,17669.21,Electronics,-2.590576407034635,13264.54,-18.07561165180356,34868549.412139304,30851113.498326465,-4017435.9138128385,9175315.512139302,9802088.77888001,626773.2667407077,7.999987653313623
P0159,15103.775721393034,16231.77552238806,8867.58,3528,Smart Watch 159,9310.96,21796.16,Electronics,-1.943923028841565,16312.08,-13.895313073500915,53286120.74507462,49552395.2382486,-3733725.506826021,22001298.505074628,22614696.992984846,613398.4879102185,8.00001470424061
P0355,7399.889215686274,7928.294754901962,5368.99,2055,Wireless Mouse 355,5637.44,10699.09,Electronics,-1.5801617252338782,7991.88,-11.450714575977338,15206772.338235293,14542727.300890515,-664045.037344778,4173497.8882352933,4772841.616544249,599343.7283089552,7.99999523045325
P0033,7928.931683168316,8475.091584158416,6127.66,2269,Bluetooth Speaker 033,6434.04,11482.21,Electronics,-2.149425700010208,8563.25,-15.246406522971734,17990745.98910891,16467628.016621664,-1523117.9724872448,4087085.4491089103,4683776.084124071,596690.6350151603,8.000047700981284
P0110,8390.039054726369,8939.904776119403,6802.9400000000005,2130,Bluetooth Speaker 110,7143.09,12036.4,Electronics,-2.4760785895702124,9061.24,-17.350514450608124,17870783.186567165,15951719.196732579,-1919063.9898345862,3380520.9865671643,3975592.0336745833,595071.047107419,7.999974027481116
P0238,15934.229901477833,17152.376798029556,8886.75,3771,Smart Watch 238,9331.09,23031.05,Electronics,-2.7685193350895774,15137.52,15.258411411406936,60087980.95847291,65793629.68682833,5705648.728355423,26576046.708472908,27168306.637043145,592259.928570237,-4.999989998913856
P0096,16692.392,17817.77766666667,9173.19,3870,Face Serum 096,9631.85,24045.66,Beauty,-1.8633384960519788,18027.78,-13.359643679256683,64599557.04,60446829.31316405,-4152727.726835951,29099311.74,29689290.29050611,589978.5505061112,7.999979871069396
P0491,12435.99356097561,13154.630439024391,7178.25,2892,Perfume 491,7537.16,17779.43,Beauty,-1.7621407224975059,13430.87,-12.68222927955922,35964893.378341466,33916042.591147274,-2048850.7871941924,15205394.378341464,15789310.851615082,583916.4732736181,7.999975507757839
P0382,15197.851691542288,16197.299552238806,9946.810000000001,3449,Winter Jacket 382,10444.15,21928.6,Fashion,-2.2939624107471337,16413.68,-16.183955537344787,52417390.484129354,47448917.97948877,-4968472.504640587,18110842.794129346,18694526.71403635,583683.9199070036,8.00000113920265
P0291,7471.769704433497,7916.137586206896,5517.71,2030,Wireless Mouse 291,5793.6,10783.56,Electronics,-1.693765151652095,8069.51,-12.221529797481745,15167692.5,14379085.916843861,-788606.5831561387,3966741.1999999993,4547062.21757478,580321.0175747806,7.999982858302279
P0103,12588.280511627907,13496.181860465116,7865.98,3265,Coffee Maker 103,8259.28,18232.96,Home & Kitchen,-2.045912855061163,13595.34,-14.568524147671368,41100735.870465115,37922002.459530234,-3178733.4109348804,15418311.170465117,15981128.003657253,562816.8331921361,7.999976545183141
P0132,12723.334040404041,13523.515606060606,6997.4,2917,Smart Watch 132,7347.27,18229.97,Electronics,-2.9394501647605047,12087.17,16.273394662216045,37113965.395858586,40995984.0865487,3882018.690690115,16702549.595858589,17262938.03726878,560388.4414101914,-4.9999790808277655
P0183,8746.86910891089,9331.266584158417,4998.49,2232,Yoga Mat 183,5248.41,12590.61,Sports,-1.382639985056864,9446.62,-10.094351248746836,19523011.85108911,18956473.697346155,-566538.1537429541,8366382.171089108,8926033.404767295,559651.2336781872,8.00001557558736
P0031,12438.651943127963,13295.061706161137,6497.04,3056,Sunscreen 031,6821.89,17970.44,Beauty,-2.7439044890279813,11816.72,15.112980672544785,38012520.33819906,41569477.93055532,3556957.5923562646,18157566.098199055,18713848.293721505,556282.1955224499,-4.999994741966917
P0406,11004.861024390242,11786.06824390244,7290.47,2681,Dumbbell Set 406,7654.99,15852.25,Sports,-2.077955486396799,11885.25,-14.778941539832802,29504032.40639024,27155140.60156902,-2348891.8048212193,9958282.336390238,10498045.507936146,539763.1715459079,8.00000085106516
P0400,13578.827735849056,14477.98754716981,7616.06,3504,Backpack 400,7996.86,19702.44,Fashion,-2.849016202289738,12899.89,15.735291401536266,47580212.386415094,52313742.58214299,4733530.195727892,20893538.146415092,21427842.38510027,534304.2386851795,-4.999973112970668
P0475,6416.604242424242,6881.67803030303,3952.13,1816,Sunscreen 475,4149.74,9286.74,Beauty,-1.0382961159420139,6929.93,-7.679904620668432,11652553.304242425,11618260.190572381,-34293.11367004365,4475485.224242424,4992384.0936768195,516898.8694343958,7.999959763481068
P0379,9958.873837837837,10687.277675675676,6550.63,2352,Running Shoes 379,6878.16,14437.71,Fashion,-1.9196924448949413,10755.58,-13.734594300445357,23423271.266594592,21822674.385133836,-1600596.881460756,8016189.506594592,8531692.798407752,515503.2918131603,7.999962396703442
P0278,14797.825373831774,15865.464392523363,9529.04,3667,Backpack 278,10005.49,21321.79,Fashion,-2.292648265954991,15981.65,-16.175478125625997,54263625.645841114,49125122.72927263,-5138502.916568488,19320635.965841115,19834328.70140077,513692.7355596572,7.9999905138878
P0411,7337.472653061224,7814.8241326530615,5431.7,1933,Vacuum Cleaner 411,5703.28,10586.11,Home & Kitchen,-1.8065301369917783,7924.47,-12.98002014435512,14183334.638367347,13329721.740779243,-853612.897588104,3683858.538367347,4193079.753610994,509221.21524364734,7.999993658495996
P0018,9156.783817204301,9951.110967741935,5971.91,2340,Moisturizer 018,6270.51,13366.22,Beauty,-1.8475451702342331,9889.33,-13.254270830388604,21426874.132258065,20073850.06062467,-1353024.0716333948,7452604.732258065,7951768.17346879,499163.44121072534,8.000037976427365
P0135,14583.116578947367,15526.576157894739,8041.37,3059,Resistance Bands 135,8443.44,20890.95,Sports,-2.776330101136593,13853.96,15.304597783827067,44609753.614999995,48865242.1292254,4255488.514225408,20011202.784999996,20501982.034043644,490779.2490436472,-5.000005142933583
P0025,8320.11,8950.797305699482,5233.9400000000005,2097,Face Serum 025,5495.64,11965.75,Beauty,-1.5909384523038894,8985.72,-11.52412585527134,17447270.67,16671555.258853702,-775715.4111462999,6471698.49,6960821.83021305,489123.34021305013,8.000014422886226
P0482,5787.021731843575,6153.086927374302,3073.23,1461,Denim Jacket 482,3226.89,8294.54,Fashion,-0.5678693276800995,6249.98,-4.276256484115204,8454838.750223463,8740751.21274119,285912.46251772717,3964849.7202234636,4442765.629772626,477915.90954916226,7.999940031483854
P0097,9715.86004950495,10419.081386138614,7775.71,2618,Perfume 097,8164.5,14093.35,Beauty,-3.2110309860813113,10493.13,-21.895638670101892,25436121.60960396,21456057.956699558,-3980063.6529044025,5079312.82960396,5556502.471931935,477189.6423279755,8.000011800650153
P0330,9881.772458100559,10457.983016759776,5816.93,2133,Bluetooth Speaker 330,6107.78,14181.98,Electronics,-1.6157075996942902,10672.31,-11.692623168671068,21077820.65312849,20102332.152949043,-975488.5001794472,8670308.96312849,9145584.049469551,475275.0863410607,7.999956943467157
P0328,15564.44738916256,16751.746896551726,8664.61,3608,Moisturizer 328,9097.84,22497.03,Beauty,-2.697844738655548,14786.23,14.841340779410594,56156526.18009852,61266362.22034757,5109836.04024905,24894613.300098516,25364762.315664317,470149.0155658014,-4.999968002104782
P0141,8405.557821782179,8985.019752475248,5704.73,2152,Dumbbell Set 141,5989.97,12071.79,Sports,-1.8828696616983043,9078.0,-13.489778334461533,18088760.432475246,16900516.886417154,-1188243.5460580923,5812181.472475249,6280021.215176298,467839.74270104896,7.999970882066321
P0439,14629.372698412699,15651.224391534392,7656.55,3141,Backpack 439,8039.38,21076.52,Fashion,-1.7458435793787104,15799.72,-12.572642683458902,45950859.64571429,43387512.032679394,-2563347.6130348966,21901636.095714286,22361911.42776714,460275.33205285296,7.999982813441364
P0235,13748.924679802956,14684.259901477832,8046.71,3167,Smartphone 235,8449.05,19779.73,Electronics,-1.9657463982998673,14848.84,-14.03980875675035,43542844.460935965,40423873.36108099,-3118971.099854976,18058913.89093596,18517837.90681203,458924.01587606966,8.00000978849502
P0337,8913.515388888889,9468.100999999999,6505.15,2061,Football 337,6830.41,12833.01,Sports,-2.247460901420224,9626.6,-15.883456901981186,18370755.2165,16689071.76744826,-1681683.4490517396,4963641.066500001,5411470.815262932,447829.7487629317,8.000037919943503
P0327,18360.72591743119,19485.399633027522,10457.04,4334,Hair Dryer 327,10979.89,26337.66,Beauty,-2.0474803536049273,19829.58,-14.578829664900116,79575386.12614678,73412164.21783961,-6163221.908307165,34254574.76614678,34698596.74876471,444021.9826179296,7.9999782643360495
P0465,7967.005680751174,8537.057370892018,5132.46,2268,Football 465,5389.08,11537.42,Sports,-1.7737033547099494,8604.37,-12.75989637543401,18069168.883943662,17024646.591126308,-1044522.2928173542,6428749.603943662,6869532.748920348,440783.14497668575,8.00004850992817
P0298,13801.852571428572,14714.823333333334,9879.79,3381,Wireless Headphones 298,10373.78,19821.04,Electronics,-2.799572528232903,14906.0,-19.382788453252843,46664063.544,40628808.169461,-6035255.374539003,13260493.553999998,13699781.486456947,439287.9324569497,7.999994369285912
P0003,7317.046510416666,7797.035625,4547.79,1877,Winter Jacket 003,4775.18,10587.11,Fashion,-1.4404188736312062,7902.41,-10.493249250832893,13734096.300052082,13276378.810373252,-457717.4896788299,5197894.470052082,5635901.914949312,438007.4448972298,7.999996839571821
P0385,22970.95878504673,24576.42906542056,11736.36,5353,Sneakers 385,12323.18,33114.68,Fashion,-1.8749924838742558,24808.64,-13.437316840043579,122963542.37635514,114955784.91666329,-8007757.459691852,60138807.296355136,60573008.54328089,434201.24692575634,8.000019642843714
P0225,9194.455572916666,9862.392291666667,6531.45,2236,Coffee Maker 225,6858.02,13276.67,Home & Kitchen,-2.265298829093589,9930.01,-15.998855007240675,20558802.661041666,18651200.00264302,-1907602.6583986469,5954480.461041666,6383402.136211281,428921.6751696151,7.9999780438332335
P0464,12238.787598039215,13053.419950980391,6297.6,2955,Face Serum 464,6612.48,17601.71,Beauty,-2.5818915066728505,11626.85,14.160334939994733,36165617.35220588,39222450.40727533,3056833.0550694466,17556209.352205876,17977887.904125154,421678.55191927776,-4.999985440855703
P0123,12791.714895833333,13638.736354166665,7841.2,2941,Water Bottle 123,8233.26,18459.12,Home & Kitchen,-2.0716971605518726,13815.05,-14.737885162888487,37620433.50864583,34642055.397989646,-2978378.110656187,14559464.308645831,14979785.356134728,420321.0474888962,7.999983680843292
P0267,6005.107777777777,6490.135555555556,4707.34,2071,Backpack 267,4942.71,8706.77,Fashion,-2.2162749521662235,6485.52,-15.681326053752542,12436578.207777778,11325266.455413105,-1111311.7523646727,2687677.0677777766,3105122.289834503,417445.22205672646,8.000059948965689
P0434,14910.738720379148,15874.278199052134,10133.29,3589,Bluetooth Speaker 434,10639.95,21471.95,Electronics,-2.5840921577056664,16103.6,-18.034718346388157,53514641.26744076,47372500.55604003,-6142140.711400725,17146263.457440756,17563057.25122386,416793.7937831022,8.000014633684893
P0170,6901.7403,7417.64275,4882.07,1879,Perfume 170,5126.17,9987.89,Beauty,-1.8004335614127582,7453.88,-12.939180893774605,12968370.0237,12193598.700748168,-774771.3229518328,3794960.4937000014,4207153.223961627,412192.7302616257,8.000006896811218
P0114,11845.174450261778,12638.527801047121,8852.98,2643,Backpack 114,9295.63,16942.26,Fashion,-2.9158398978405744,12792.79,-20.100938109038736,31306796.07204188,27014943.279251993,-4291852.792789888,7908369.932041882,8319820.296142534,411450.36410065275,8.000013454569931
P0042,13103.628333333334,14027.517111111112,8866.56,2741,Perfume 042,9309.89,18770.56,Beauty,-2.423982026875226,14151.92,-17.018473933996848,35917045.26166667,32188873.258023918,-3728172.0036427528,11613804.30166667,12021673.025917966,407868.7242512964,8.000010684063707
P0032,17219.18733333333,18384.690615384614,9836.14,3689,Wireless Headphones 032,10327.95,24870.7,Electronics,-2.7070254521569916,16358.23,14.89543334032415,63521582.07266666,69334227.13766901,5812645.065002352,27236061.612666663,27643821.165360034,407759.55269337073,-4.9999881914674855
P0302,9558.15175,10204.48985,5781.91,2345,Face Serum 302,6071.01,13754.76,Beauty,-3.5147516196244912,9080.24,19.75564505483558,22413865.85375,25499776.15313965,3085910.299389649,8855286.903750002,9262612.471298,407325.56754799746,-5.000043549214428
P0451,15494.142722772278,16540.990841584156,7963.61,3643,Denim Jacket 451,8361.79,22379.42,Fashion,-2.4030977624875396,14719.44,13.11816575293674,56445161.93905941,60657245.24965184,4212083.310592435,27433730.70905941,27840046.383601185,406315.67454177514,-4.999971515904978
P0456,8151.971428571428,8753.73081632653,5750.01,2208,Face Serum 456,6037.51,11814.94,Beauty,-2.1621238934414846,8804.13,-15.329192885360076,17999552.914285712,16459596.067916594,-1539956.8463691175,5303530.834285713,5709771.701327698,406240.8670419855,8.000010514546862
P0460,8815.029027027027,9424.519081081082,5042.13,2174,Smartphone 460,5294.24,12720.39,Electronics,-1.5988355380727366,9520.23,-11.577882317897837,19163873.104756758,18300710.62346768,-863162.4812890776,8202282.484756757,8608240.06562101,405957.5808642525,7.999984694444162
P0495,8764.366028708135,9412.404880382775,4738.5,2242,Hair Dryer 495,4975.42,12607.42,Beauty,-1.519328078964912,9465.52,-11.035170701892728,19649708.636363637,18879836.12558966,-769872.5107739754,9025991.636363639,9428464.431425657,402472.79506201856,8.000053500677629
P0421,7662.530096618358,8186.773043478261,5373.77,2115,Running Shoes 421,5642.46,11055.15,Fashion,-2.051703191991766,8275.53,-14.606586525395038,16206251.154347826,14946196.741522392,-1260054.4128254335,4840727.604347826,5240788.222917291,400060.61856946535,7.9999673169593555
P0417,5102.814223300971,5425.677233009709,4149.5,1613,Mixer Grinder 417,4356.98,7332.04,Home & Kitchen,-1.6604472865732776,5511.04,-11.996161392929295,8230839.342184466,7822930.93635956,-407908.4058249062,1537695.8421844665,1932707.7328799171,395011.8906954506,8.000012519267274
P0477,15674.720452261306,16781.35894472362,10338.439999999999,3616,Wireless Headphones 477,10855.36,22592.45,Electronics,-2.4824743366267774,16928.7,-17.39118644677817,56679789.15537688,50568301.45338249,-6111487.701994389,19295990.11537689,19685988.605317764,389998.4899408743,8.000012195163508
P0425,12359.265806451613,13181.533333333335,7943.18,2716,Smartphone 425,8340.34,17834.05,Electronics,-2.210699457946442,13348.01,-15.645137497903526,33567765.93032258,30581326.21919313,-2986439.7111294493,11994089.05032258,12382880.750422552,388791.700099973,8.000023699079728
P0432,8559.423333333332,9139.4720657277,5195.280000000001,2316,Denim Jacket 432,5455.04,12335.23,Fashion,-1.7749187550872922,9244.18,-12.768056300346354,19823624.439999998,18675935.543590102,-1147688.8964098953,7791355.959999996,8179953.877325331,388597.9173253346,8.00003271248415
P0223,15421.170139534885,16560.95911627907,8439.86,3968,Wireless Mouse 223,8861.85,22201.25,Electronics,-1.937799766901311,16654.86,-13.854726452178445,61191203.113674425,56930395.65423616,-4260807.459438264,27701838.63367442,28080891.01351317,379052.37983874977,7.999975678255011
P0474,9871.556753926701,10475.319790575917,7929.84,2358,Resistance Bands 474,8326.33,14234.75,Sports,-3.4107481163418347,10661.28,-23.086957931501352,23277130.82575916,19335401.37830406,-3941729.4474551007,4578568.1057591615,4953767.967265853,375199.8615066912,7.999986889192168
P0359,11254.16612244898,11956.167448979591,8261.34,2602,Football 359,8674.41,16249.15,Sports,-2.8069689077791065,12154.5,-19.428665377547826,29283340.250612244,25481496.306908175,-3801843.9437040687,7787333.570612245,8161876.834300703,374543.26368845813,8.000005222555773
P0487,7851.347771428572,8419.203714285713,5550.7,1820,Smartphone 487,5828.24,11347.25,Electronics,-2.025351278717853,8479.46,-14.433226913782049,14289452.944,13205185.67792272,-1084267.26607728,4187178.944000001,4560995.807794726,373816.8637947254,8.000056128670764
P0213,8984.273165829147,9610.238291457286,5877.12,2279,Denim Jacket 213,6170.98,12927.84,Fashion,-2.0474682935375026,9703.02,-14.578750380747485,20475158.544924624,18889347.193845596,-1585811.351079028,7081202.064924626,7448062.195170748,366860.13024612237,8.000055440261322
P0076,7276.453348623853,7803.074174311926,4329.29,2193,Winter Jacket 076,4545.75,10530.19,Fashion,-1.6371869341608796,7858.57,-11.838481025731017,15957262.193532111,15193617.915446633,-763644.2780854777,6463129.22353211,6823446.075657756,360316.8521256456,8.000005270235654
P0430,6046.396067415731,6432.854775280898,5018.16,1582,Wireless Headphones 430,5269.07,8719.99,Electronics,-2.4357735493716985,6530.11,-17.09374450177421,9565398.578651685,8564738.887843873,-1000659.6908078119,1626669.458651686,1983035.840304622,356366.3816529359,8.000037165792406
P0122,10213.37679144385,10834.81064171123,6412.48,2296,Cricket Bat 122,6733.1,14737.6,Sports,-2.0411165057823526,11030.45,-14.536982832112743,23449913.113155082,21644283.5313304,-1805629.5818246827,8726859.033155082,9061517.295302674,334658.2621475924,8.000030012019588
P0070,19186.77412371134,20482.288711340207,10145.9,3975,Football 070,10653.2,27615.4,Sports,-1.921372708349352,20721.72,-13.74574897502473,76267427.14175259,71046609.90170838,-5220817.240044206,35937474.64175258,36260311.43410508,322836.792352505,8.000020568292143
P0211,7086.644175257732,7635.144226804124,4876.6900000000005,1858,Perfume 211,5120.52,10260.45,Beauty,-1.9910204004834615,7653.58,-14.206848578693798,13166984.877628867,12200080.97557939,-966903.9020494763,4106094.857628865,4426457.880602768,320363.0229739025,8.000060546593613
P0200,10746.853246073299,11590.826858638744,6328.4,2551,Winter Jacket 200,6644.82,15541.73,Fashion,-3.0711239982988934,10209.51,17.06136135372478,27415222.630732983,30488001.188205946,3072778.557472963,11271474.230732985,11589909.537645789,318435.306912804,-5.000005432005262
P0210,8242.812971698113,8862.054952830189,5651.96,2371,Wireless Headphones 210,5934.56,11992.33,Electronics,-2.290220547142786,8902.24,-16.15981490824845,19543709.555896226,17696320.846694347,-1847388.7092018798,6142912.395896226,6461067.703980161,318155.3080839347,8.000024149110807
P0130,6952.092910798122,7330.524084507042,5460.08,2029,Perfume 130,5733.08,9985.92,Beauty,-2.828806675062314,7508.26,-19.563964452215245,14105796.516009388,12253834.979908733,-1851961.5361006558,3027294.1960093896,3342726.9156313743,315432.71962198475,7.99999505671205
P0458,4212.09533632287,4505.836412556054,3058.77,1597,Sunscreen 458,3211.71,6107.01,Beauty,-1.3148605192219907,4549.06,-9.624144054226946,6726716.252107623,6565673.581076545,-161042.67103107832,1841860.5621076236,2150943.4395232457,309082.8774156221,7.9999296495339545
P0117,6781.497535545023,7273.135213270142,5234.62,2012,Denim Jacket 117,5496.35,9832.54,Fashion,-2.676897827504188,7324.02,-18.61806316592851,13644373.041516587,11992379.454056274,-1651993.587460313,3112317.601516587,3421188.7485460844,308871.1470294972,8.000039248135993
P0111,11220.915628140703,11991.222211055278,5836.56,2740,Vacuum Cleaner 111,6128.39,16242.98,Home & Kitchen,-2.5448178884098493,10659.87,13.94345073070744,30745308.821105525,33280652.518151212,2535343.6970456876,14753134.421105525,15058617.159918401,305482.73881287687,-4.999998634101366
P0036,7954.32440677966,8499.522485875706,6120.34,1832,Winter Jacket 036,6426.36,11424.82,Fashion,-2.747584463081179,8590.67,-19.059588366264656,14572322.313220337,12738489.478108421,-1833832.835111916,3359859.4332203376,3663075.8687566426,303216.43553630495,7.999995482683198
P0050,9961.535408163265,10709.338316326532,5237.82,2474,Smartphone 050,5499.71,14360.44,Electronics,-2.6696082731082216,9463.46,14.675131710830858,24644838.59979592,26848426.068025764,2203587.468229845,11686471.919795917,11988402.010163346,301930.09036742896,-4.9999863249505
P0145,8026.9320418848165,8564.867225130889,4792.38,2039,Vacuum Cleaner 145,5032.0,11595.58,Home & Kitchen,-1.7753113900942858,8669.09,-12.770692200409005,16366914.43340314,15418885.861881621,-948028.5715215188,6595251.613403141,6895132.023485628,299880.4100824874,8.000042292178144
P0271,4289.5683410138245,4616.120414746544,3615.11,1522,Denim Jacket 271,3795.87,6195.47,Fashion,-2.036075850851115,4632.73,-14.503822385990784,6528723.015023041,6028353.31483886,-500369.7001841804,1026525.5950230407,1324184.8359622268,297659.2409391862,7.999911219623335
P0121,10776.050681818182,11500.9275,5625.18,2340,Backpack 121,5906.44,15493.0,Fashion,-2.6282450723692596,10237.25,14.432088581475044,25215958.595454548,27412390.67278768,2196432.0773331337,12053037.395454545,12349785.025293924,296747.62983937934,-4.999982811209957
P0202,20079.157668393782,21397.151968911916,11957.130000000001,4079,Smart Watch 202,12554.99,28961.28,Electronics,-2.7453162459789042,19075.2,15.12131672716983,81902884.12937823,89573294.71490501,7670410.585526779,33129750.859378234,33425021.485383652,295270.6260054186,-4.9999989291089175
P0024,10633.214069767442,11496.907790697674,7847.13,2404,Air Fryer 024,8239.49,15531.22,Home & Kitchen,-2.9023315764371014,11483.87,-20.017830695071126,25562246.623720933,22080858.522546172,-3481388.1011747606,6697746.10372093,6992621.778110584,294875.67438965384,7.999988758348797
P0297,8656.84054945055,9291.039395604395,4650.45,2071,Sneakers 297,4882.97,12522.87,Fashion,-2.8942509529094544,8224.0,16.004136754488265,17928316.777912088,19757709.657185648,1829392.87927356,8297234.8279120885,8585256.180970816,288021.35305872746,-4.999982926542668
P0232,11184.259705882352,11852.2925,6338.12,2716,Perfume 232,6655.03,16057.09,Beauty,-2.804463714993509,10625.05,15.471110013444566,30376449.36117647,33322222.097021237,2945772.7358447686,13162115.441176469,13444639.638176335,282524.1969998665,-4.999970678329624
P0454,5853.331494252874,6340.9809195402295,4502.07,1535,Cricket Bat 454,4727.17,8530.22,Sports,-2.2223945409063215,6321.6,-15.72102826293279,8984863.843678162,8178138.9281816855,-806724.915496476,2074186.3936781622,2353891.033256309,279704.63957814686,8.000033932930295
P0364,13581.068210526315,14532.394789473683,9157.59,3112,Face Serum 364,9615.47,19576.84,Beauty,-2.5924481889557303,14667.55,-18.08741236103435,42264284.27115789,37389350.40508128,-4874933.866076611,13765864.191157892,14045557.081330696,279692.8901728038,7.999972996465643
P0259,10011.216019900497,10805.807512437812,6807.33,2577,Moisturizer 259,7147.7,14541.97,Beauty,-2.4699744187984045,10812.11,-17.31167797776374,25798903.683283582,23039295.000307307,-2759608.6829762757,8256414.273283582,8533704.866249813,277290.5929662306,7.9999670220627594
P0241,4993.639312169312,5322.170740740741,3169.84,1455,Yoga Mat 241,3328.33,7192.68,Sports,-1.2957905074805058,5393.13,-9.491406731782458,7265745.1992063485,7102213.671875093,-163531.52733125538,2653627.9992063483,2927851.2742735897,274223.2750672414,7.999990845497074
P0469,8942.497777777779,9558.500416666668,5038.74,2481,Wireless Headphones 469,5290.68,12886.67,Electronics,-2.907113539070353,8495.37,16.0806974095427,22186336.98666667,24466351.968566287,2280014.981899619,9685223.046666669,9954971.723052727,269748.67638605833,-5.000032305167535
P0394,11438.304263157896,12139.431210526316,7258.89,2682,Sneakers 394,7621.83,16485.63,Fashion,-2.263731759106446,12353.37,-15.98872357785044,30677532.033789475,27834393.135312382,-2843138.8984770924,11209189.053789474,11478789.699572433,269600.6457829587,8.000012202765738
P0063,6140.666576086956,6552.577010869565,4940.8,1523,Denim Jacket 063,5187.84,8850.59,Fashion,-2.674774185761282,6631.92,-18.604761204025078,9352235.195380434,8221256.103644405,-1130979.0917360298,1827396.7953804343,2096395.9189531864,268999.1235727521,8.000001593085804
P0153,12653.868514851485,13503.536633663365,7094.86,2949,Smartphone 153,7449.6,18240.97,Electronics,-2.670114013618556,12021.18,14.678106548117409,37316258.25029703,40653899.476243965,3337641.225946933,16393516.11029703,16660094.952146906,266578.84184987657,-4.9999611905949255
P0245,4180.502679425837,4449.572583732058,3092.67,1410,Bluetooth Speaker 245,3247.3,6025.74,Electronics,-1.413604751427085,4514.94,-10.308348573647386,5894508.777990431,5709832.8477670085,-184675.93022342212,1533844.0779904306,1798680.6651710032,264836.58718057256,7.999930779140052
P0437,6699.353399014778,7178.346059113301,5166.12,1873,Bluetooth Speaker 437,5424.43,9688.17,Electronics,-2.7613240154363434,7235.3,-19.145130353031504,12547888.916354679,10957225.564906182,-1590663.3514484968,2871746.1563546793,3133592.9494536007,261846.79309892142,7.999975058250253
P0244,5323.742736842105,5689.723894736842,4207.9,1498,Air Fryer 244,4418.3,7668.9,Home & Kitchen,-2.3101611159272606,5749.64,-16.288381314034474,7974966.619789473,7210051.538858493,-764915.0809309799,1671532.4197894738,1933344.7372337522,261812.3174442784,7.999959506129817
P0308,5894.969329896908,6220.49324742268,3790.98,1689,Water Bottle 308,3980.53,8505.36,Home & Kitchen,-1.717723588109834,6366.57,-12.38323242816326,9956603.198195877,9421546.192790411,-535057.0054054651,3553637.9781958773,3811475.038277467,257837.0600815895,8.000052989441752
P0071,19087.03197969543,20423.147563451777,10202.97,4139,Winter Jacket 071,10713.12,27495.79,Fashion,-2.349701433287979,18132.68,12.808773278212637,79001225.36395939,84664297.54744683,5663072.183487445,36771132.533959396,37025047.8716734,253915.33771400154,-5.0000019946037755
P0455,5794.421256544502,6218.761465968586,4791.01,1598,Smart Watch 455,5030.56,8380.92,Electronics,-3.0315575358132976,6257.97,-20.80934006378178,9259485.167958114,7919259.204098457,-1340225.9638596578,1603451.1879581143,1856395.3703953424,252944.18243722804,7.999914451023793
P0374,3787.466108108108,4079.9986486486487,2761.09,1099,Winter Jacket 374,2899.14,5461.11,Fashion,-0.7360615353008918,4090.46,-5.50734336718206,4162425.2528108107,4247841.097875121,85415.84506431036,1127987.3428108105,1380520.1028427633,252532.76003195276,7.999910315850767
P0415,8070.290098522167,8678.98157635468,5907.5599999999995,2150,Backpack 415,6202.94,11700.44,Fashion,-2.7100838006606804,8715.91,-18.825649630033446,17351123.71182266,15211434.91135817,-2139688.8004644886,4649869.71182266,4901274.488018781,251404.77619612124,7.999959029924586
P0463,5810.934507772021,6214.978911917098,4662.33,1571,Denim Jacket 463,4895.45,8359.2,Fashion,-2.72285807940751,6275.81,-18.905414687035783,9128978.111709844,7995355.498442559,-1133622.6132672857,1804457.6817098449,2055566.0295707155,251108.34786087065,8.000012590164584
P0035,8786.423538461539,9455.155794871795,5041.4,2230,Dumbbell Set 035,5293.47,12735.21,Sports,-2.994940051739677,8347.1,16.604810294475204,19593724.49076923,21704864.00847941,2111139.517710179,8351402.490769232,8595775.767685361,244373.27691612951,-5.000026877129827
P0067,6127.882606382978,6582.3287234042555,3457.96,1618,Wireless Mouse 067,3630.86,8871.59,Electronics,-1.482133082453545,6618.11,-10.780138187393417,9914914.057127658,9553758.43025664,-361155.62687101774,4319934.777127659,4561925.64819667,241990.87106901128,7.999947536631757
P0294,6058.868157894736,6515.012421052632,4788.26,1656,Mixer Grinder 294,5027.67,8750.71,Home & Kitchen,-2.8087790027001445,6543.58,-19.43988872975143,10033485.669473683,8729626.197181437,-1303859.4722922463,2104127.109473683,2341726.1182284574,237599.00875477446,8.000039437624684
P0386,4073.6129441624366,4321.238172588833,2650.05,1351,Denim Jacket 386,2782.55,5819.92,Fashion,-1.1744637624624708,4399.5,-8.64233091609159,5503451.087563452,5430050.603392654,-73400.48417079821,1923233.5375634516,2159247.301579641,236013.7640161896,7.999951401975136
P0350,3544.3756424581006,3807.1556983240225,2938.8199999999997,1111,Moisturizer 350,3085.76,5103.03,Beauty,-1.1420055764753259,3827.93,-8.413832739254145,3937801.3387709497,3894999.8261644635,-42801.51260648621,672772.3187709501,904684.8867953724,231912.56802442227,8.00012149234972
P0309,18034.280913978495,19288.57435483871,10127.380000000001,3679,Backpack 309,10633.75,25855.27,Fashion,-2.509362568151169,17132.57,13.736419184806126,66348119.48252688,71688876.53108865,5340757.048561767,29089488.46252688,29312243.77166124,222755.3091343604,-4.999982634625444
P0174,4553.945857142857,4889.388904761905,3330.1,1552,Wireless Mouse 174,3496.6,6601.18,Electronics,-1.9691068418104827,4918.26,-14.062037184651244,7067723.970285714,6559766.637273677,-507957.333012037,1899408.770285714,2118221.8425176586,218813.07223194465,7.999966496872535
P0390,13776.19235576923,14691.740817307691,8143.51,3267,Running Shoes 390,8550.69,19900.65,Fashion,-2.7700871466039247,13087.38,15.26768066011348,45006820.426298074,49284402.14204319,4277581.715745114,18401973.256298073,18617611.866016347,215638.60971827433,-5.000019874728068
P0019,10805.67358974359,11518.69928205128,6295.75,2567,Vacuum Cleaner 019,6610.54,15579.77,Home & Kitchen,-2.8455763066799955,10265.39,15.714872454049544,27738164.104871795,30492322.154294983,2754158.049423188,11576973.854871796,11791421.469451193,214447.61457939632,-4.999999169477142
P0041,6672.407524752475,7135.733019801981,3418.03,1836,Wireless Headphones 041,3588.93,9606.3,Electronics,-2.791870845348049,6338.79,15.396547869469202,12250540.215445545,13429865.47878593,1179325.2633403856,5975037.1354455445,6188151.563023718,213114.42757817358,-4.9999572645235135
P0348,4250.033300970874,4544.207621359224,3196.2200000000003,1411,Smart Watch 348,3356.03,6122.97,Electronics,-1.914825177086321,4590.04,-13.702274089257472,5996796.987669903,5589107.38207048,-407689.60559942294,1486930.5676699027,1697195.2199982635,210264.65232836083,8.00009493929037
P0433,3347.305025906736,3576.2290155440414,2681.87,1194,Hair Dryer 433,2815.96,4818.06,Beauty,-1.348710860034331,3615.09,-9.859280973270879,3996682.2009326424,3890849.1189847053,-105833.08194793714,794529.4209326428,1004405.5787583098,209876.15782566706,8.000017088993117
P0045,11065.749456521738,11817.557119565216,6083.0,2467,Water Bottle 045,6387.15,16064.78,Home & Kitchen,-2.619518341959155,10512.46,14.38087763751783,27299203.90923913,29663815.568471126,2364611.659231998,12292442.909239128,12498950.631706381,206507.72246725298,-5.000017926446465
P0152,11070.372274881516,11867.758341232226,5913.44,2910,Wireless Headphones 152,6209.11,16126.01,Electronics,-2.4742159908439993,10516.85,13.531561730374708,32214783.319905214,34745249.280587405,2530465.960682191,15006672.919905214,15208612.799180381,201939.87927516736,-5.000033071493437
P0088,5218.693532110092,5564.943256880733,3980.7799999999997,1685,Backpack 088,4179.82,7487.01,Fashion,-2.5770522158162237,5636.19,-17.99029742115931,8793498.601605505,7788443.813407283,-1005054.7881982215,2085884.3016055052,2287549.275841497,201664.9742359917,8.000018880608618
P0010,4807.388038277511,5152.247416267943,2868.27,1537,Backpack 010,3011.68,6946.67,Fashion,-3.838369008898285,4567.02,21.760107564802333,7388955.414832535,8546960.057964612,1158004.6431320766,2980424.424832535,3179127.9825129667,198703.55768043175,-4.999971634568423
P0198,9825.986777777778,10464.780833333334,6442.870000000001,2198,Cricket Bat 198,6765.01,14143.17,Sports,-3.572694979229355,9334.69,20.112100952254288,21597518.937555555,24644172.061986014,3046653.124430459,7436090.677555555,7634583.054053746,198492.37649819162,-4.99997393532915
P0118,15982.958729281767,17076.55988950276,9605.5,3312,Smart Watch 118,10085.78,23013.92,Electronics,-2.2536188832339,17261.6,-15.923312363744236,52935559.31138121,48066982.03879367,-4868577.272587545,21122143.311381213,21319315.642051056,197172.33066984266,8.000028607817654
P0471,11739.416915887852,12421.890841121496,7079.15,2993,Wireless Mouse 471,7433.11,16917.05,Electronics,-2.204313053556379,12678.57,-15.603666526898829,35136074.82925234,32025843.5928345,-3110231.236417841,13948178.879252343,14144036.270938804,195857.39168646187,7.99999770722104
P0262,4089.065198019802,4372.220445544554,2559.6499999999996,1401,Resistance Bands 262,2687.63,5904.71,Sports,-1.3901791822212317,4416.19,-10.14650157461271,5728780.342425743,5559310.319157443,-169470.0232683001,2142710.692425743,2337101.2826614017,194390.59023565846,7.999989878826419
P0383,8297.772737430168,8939.11061452514,4486.280000000001,2026,Perfume 383,4710.59,12113.51,Beauty,-1.7644028975176838,8961.59,-12.69742992298032,16811287.56603352,15850820.996840566,-960466.5691929534,7722084.2860335205,7915712.9338757945,193628.64784227405,7.9999450885830825
P0239,11867.988169014085,12716.752863849764,6398.75,3037,Winter Jacket 239,6718.69,17146.9,Fashion,-2.462894800578832,11274.59,13.465652960975216,36043080.06929577,38851690.34047989,2808610.2711841166,16610076.319295775,16801905.74561159,191829.42631581426,-4.999989556472406
P0273,7155.817880184331,7751.192211981566,5357.219999999999,2273,Resistance Bands 273,5625.08,10414.95,Sports,-3.009200804473199,7728.28,-20.672967539043384,16265174.041658984,13934894.283206543,-2330279.7584524415,4088212.981658987,4275272.430382297,187059.4487233106,7.999953735559884
P0204,9408.10268041237,9997.756546391753,5721.55,2300,Dumbbell Set 204,6007.63,13547.21,Sports,-3.086623161203962,8937.7,17.15446250484338,21638636.164948452,24083096.49780281,2444460.3328543566,8479071.16494845,8666078.854077319,187007.68912886828,-4.999973920264988
P0049,16732.380169491527,17977.70892655367,9319.66,3388,Moisturizer 049,9785.64,24234.36,Beauty,-2.477020993566762,15895.76,13.547897580315427,56689304.01423729,61151037.21802581,4461733.203788519,25114295.934237294,25298279.38237109,183983.44813379645,-5.000006938743551
P0274,19610.216934673368,20909.230804020102,10129.42,4145,Cricket Bat 274,10635.89,28220.85,Sports,-1.9303811652370007,20982.93,-12.243739431686784,81284349.19422111,76325352.64974795,-4958996.544473156,39297903.29422111,39479617.78237008,181714.4881489724,6.999989188796274
P0075,8208.277376237624,8744.91396039604,5848.58,2194,Winter Jacket 075,6141.01,11861.84,Fashion,-2.745422599571116,8864.94,-19.046120439583703,18008960.563465346,15745268.42420105,-2263692.139264295,5177176.043465346,5357441.038428108,180264.9949627621,8.000005283244537
P0194,11396.336650943396,12191.644716981133,7668.4,2962,Denim Jacket 194,8051.82,16470.68,Fashion,-2.6335628798048,12308.04,-18.346192943714236,33755949.16009434,29768059.004977454,-3987890.1551168896,11042148.36009434,11221375.924596362,179227.5645020213,7.999968559906767
P0043,3802.6034042553188,4111.6917021276595,3233.55,1300,Bluetooth Speaker 043,3395.23,5521.61,Electronics,-2.8153270228224394,4106.81,-19.480476161550598,4943384.425531914,4298820.769017754,-644563.6565141603,739769.4255319141,914089.9870161187,174320.5614842046,7.99995590926621
P0459,15023.792444444443,16034.491466666666,9379.2,3818,Smartphone 459,9848.16,21634.44,Electronics,-2.4061189988459484,16075.46,-15.023442319464863,57360839.552888885,52155295.59230882,-5205543.960580066,21551053.952888884,21725372.47664885,174318.52375996485,7.0000138742894125
P0127,11530.827868020304,12377.298324873096,5928.42,2675,Backpack 127,6224.84,16648.74,Fashion,-2.342246663543972,10954.29,12.765645739507114,30844964.54695431,33043397.277020313,2198432.7300660014,14986441.046954313,15160430.847493825,173989.8005395122,-4.999969426473516
P0069,3329.372835820895,3545.332039800995,2195.56,1305,Smartphone 069,2305.34,4808.94,Electronics,-1.300787489212012,3595.72,-9.526207193386105,4344831.550746268,4245408.606620053,-99422.94412621483,1479625.750746268,1653148.247644969,173522.49689870095,7.999920024380014
P0261,4916.274078212291,5257.392122905028,3326.65,1405,Face Serum 261,3492.98,7129.89,Beauty,-1.9040141943829605,5309.58,-13.630442389615727,6907365.079888268,6443129.514996356,-464235.56489191204,2233421.829888269,2406265.407010939,172843.57712267013,8.00008127152112
P0140,9468.671274509803,10131.609460784313,5184.82,2468,Dumbbell Set 140,5444.06,13602.75,Sports,-2.5967251295032017,8995.24,14.247228639936793,23368680.705490194,25363166.57195127,1994485.8664610758,10572544.945490194,10743936.093147354,171391.14765715972,-4.99997582326368
P0165,9866.92469273743,10454.967150837989,7192.57,2077,Wireless Mouse 165,7552.2,14078.97,Electronics,-4.551733309085653,9373.58,26.297922789802918,20493602.58681564,24588844.653348196,4095242.066532556,5554634.6968156425,5721238.522042546,166603.8252269039,-4.999984373049459
P0340,6704.421266968327,7188.772669683258,3741.77,2047,Bluetooth Speaker 340,3928.86,9707.7,Electronics,-1.8188632921294288,7240.77,-13.062577925709595,13723950.333484165,12885748.516822081,-838201.8166620843,6064547.143484165,6226860.837160118,162313.69367595296,7.999925894785043
P0220,4682.772378378379,5019.5554054054055,3592.27,1336,Sneakers 220,3771.88,6764.69,Fashion,-2.4667909349867596,5057.39,-17.29141650724213,6256183.897513513,5588353.168922272,-667830.7285912419,1456911.1775135137,1618942.6842559201,162031.5067424064,7.999910979045932
P0108,10894.40567961165,11569.555825242718,7182.6900000000005,2746,Running Shoes 108,7541.82,15672.02,Fashion,-2.540286154908273,11765.96,-17.757917902264154,29916037.99621359,26571858.331574693,-3344179.6646388955,10192371.256213587,10350704.13858007,158332.88236648403,8.000017128235104
P0336,10818.970434782608,11648.520193236716,5608.22,2795,Bluetooth Speaker 336,5888.63,15666.48,Electronics,-1.8571131135767085,11684.49,-13.318123306411966,30239022.36521739,28308692.246361382,-1930330.118856009,14564047.46521739,14721329.831792505,157282.3665751163,8.000017843054419
P0276,4599.6260999999995,4898.12065,2400.12,1506,Moisturizer 276,2520.13,6619.08,Beauty,-3.0549336676678216,4369.64,16.964187469481384,6927036.906599999,7697044.811839998,770007.9052399984,3312456.186599999,3469279.842263467,156823.65566346794,-5.0001042476039315
P0162,4872.319627906976,5196.326465116279,3774.9300000000003,1645,Sneakers 162,3963.68,7018.68,Fashion,-2.870365763856246,5262.11,-19.82082255070605,8014965.7879069755,6940440.332913025,-1074525.4549939502,1805205.9379069754,1961505.9636065152,156300.0256995398,8.000098553888746
P0144,2907.9034554973823,3089.983926701571,2470.0299999999997,1033,Water Bottle 144,2593.53,4175.5,Home & Kitchen,-1.7313360597858827,3140.54,-12.474974317560116,3003864.269528796,2839463.6112403707,-164400.6582884253,452323.2795287962,606226.7044448899,153903.4249160937,8.00014677457117
P0052,22070.890815217394,23639.18429347826,11515.94,4490,Winter Jacket 052,12091.74,31866.39,Fashion,-1.9728408406263327,23395.14,-10.859399481051579,99098299.7603261,93637028.68104765,-5461271.079278454,47391729.16032609,47545481.14045362,153751.9801275283,5.999980679844441
P0077,6282.866581196581,6713.33547008547,4413.02,2167,Running Shoes 077,4633.67,9109.87,Fashion,-2.6156101655627904,6785.5,-18.23329720523027,13614971.88145299,12023114.681411065,-1591857.2000419255,4051957.5414529904,4203753.167802055,151795.626349065,8.000065134403854
P0480,13194.733037383177,14249.40691588785,7304.95,3535,Sunscreen 480,7670.2,19131.57,Beauty,-2.0498681026816246,14250.31,-14.594525529159109,46643381.28714953,43022881.18533615,-3620500.1018133834,20820383.037149534,20968627.007326707,148243.9701771736,7.999987264813724
P0440,15335.337720930233,16264.047581395349,8903.6,3540,Wireless Mouse 440,9348.78,21931.25,Electronics,-2.6010342299696387,14568.57,14.27248326256434,54287095.532093026,58933451.547861144,4646356.015768118,22768351.532093022,22916200.08589064,147848.55379761755,-5.000005444182165
P0410,3968.3646534653467,4230.24801980198,2218.79,1275,Wireless Headphones 410,2329.73,5736.46,Electronics,-1.334411480756535,4285.83,-9.760026947887358,5059664.933168317,4931107.493995745,-128557.43917257246,2230707.683168317,2378257.2339399573,147549.55077164015,7.999903593976154
P0256,5379.594351851852,5710.190648148148,2974.91,1722,Hair Dryer 256,3123.66,7704.27,Beauty,-1.6870533254999271,5809.96,-12.176176192515065,9263661.473888889,8786557.869426042,-477103.6044628471,4140866.4538888885,4287523.397042629,146656.94315374084,7.999964681351868
P0137,12139.65543956044,12945.696758241758,6385.97,2600,Perfume 137,6705.27,17501.52,Beauty,-2.3636622864948045,11532.67,12.889584363330009,31563104.14285714,33849884.2250846,2286780.082227461,14959582.142857144,15106237.249610541,146655.10675339773,-5.000021974119706
P0065,2373.1757207207206,2524.080945945946,1879.51,1097,Air Fryer 065,1973.49,3407.0,Home & Kitchen,-1.1301793075406101,2563.03,-8.330436546573539,2603373.7656306303,2577421.475295799,-25952.290334831458,541551.2956306306,687357.8178621441,145806.52223151352,8.000009338609871
P0431,3619.756111111111,3889.6678282828284,2880.57,1253,Wireless Headphones 431,3024.6,5227.23,Electronics,-2.3957578264429675,3909.34,-16.83802855530209,4535554.407222222,4073604.9778723116,-461949.42934991,926200.1972222216,1071994.8604141097,145794.66319188802,8.000093928980178
P0212,6836.81829015544,7357.106580310881,3493.62,1809,Running Shoes 212,3668.3,9886.29,Fashion,-2.5664894572984562,6494.98,14.070181397000425,12367804.28689119,13402577.945638638,1034773.6587474477,6047845.706891191,6193389.729217346,145544.02232615463,-4.999961614420334
P0384,5080.417941176471,5447.375,4068.51,1318,Resistance Bands 384,4271.94,7359.05,Sports,-3.0476173825385,5486.85,-20.90715787255949,6695990.846470589,5719733.426592197,-976257.4198783915,1333694.6664705882,1478540.9745390236,144846.3080684354,7.999972906351327
P0331,9666.874221105527,10410.254020100503,6655.82,2400,Vacuum Cleaner 331,6988.61,13937.2,Home & Kitchen,-2.7126907842888732,10440.22,-18.841934507416568,23200498.130653266,20335401.504879665,-2865096.6257736012,7226530.130653265,7371238.093675343,144707.9630220784,7.999956978917133
P0329,10289.665847953216,10916.357134502925,6884.18,2035,Air Fryer 329,7228.39,14814.79,Home & Kitchen,-2.5468528942434316,11112.84,-17.799471159303405,20939470.000584796,18589343.48307329,-2350126.5175115056,6930163.700584794,7073619.617560264,143455.91697546933,8.0000085931899
P0441,14465.372000000001,15472.885314285715,9282.369999999999,3001,Bluetooth Speaker 441,9746.49,20947.67,Electronics,-3.107211644665587,13742.1,17.27824895981078,43410581.372,48365611.21153763,4955029.839537628,15554189.002000006,15696122.016627302,141933.01462729648,-5.000023504407636
P0449,12194.513913043478,13035.183333333334,7293.37,2977,Air Fryer 449,7658.04,17630.93,Home & Kitchen,-2.2329591132737012,13170.08,-15.789524315377657,36303067.91913044,33016665.077436168,-3286402.8416942693,14590705.429130435,14732581.342237655,141875.91310722008,8.000040788120621
P0017,3581.962114285714,3869.0129142857145,2430.65,1124,Air Fryer 017,2552.18,5210.08,Home & Kitchen,-1.5396038833840995,3868.52,-11.173887346340505,4026125.4164571427,3862350.7538398253,-163774.6626173174,1294074.8164571426,1435576.4101288451,141501.59367170255,8.000025588529414
P0078,8542.316916666667,9107.741708333333,5129.68,2623,Bluetooth Speaker 078,5386.16,12365.93,Electronics,-2.1698237963763622,9225.7,-15.379353310748645,22406497.272416666,20477364.72371472,-1929132.5487019457,8951346.632416666,9091529.239133775,140182.60671710968,7.999973426413209
P0243,2653.4869832402233,2817.453463687151,2176.68,1057,Yoga Mat 243,2285.51,3830.77,Sports,-1.6601555973273248,2865.77,-11.994185798273849,2804735.741284916,2665796.9673505784,-138938.77393433778,503984.98128491617,641002.5282601761,137017.5469752599,8.000152934632233
P0353,6893.098097560976,7420.907268292683,4113.33,1982,Running Shoes 353,4319.0,9990.82,Fashion,-2.034540545273516,7444.55,-14.493719670595251,13662120.429365855,12616528.672736397,-1045591.7566294577,5509500.369365855,5645526.510041512,136026.1406756565,8.000058821651578
P0073,3920.5149246231153,4187.34175879397,2109.66,1330,Bluetooth Speaker 073,2215.14,5663.52,Electronics,-3.298351493503152,3724.49,18.433722479743352,5214284.849748744,5866698.065841993,652413.2160932496,2408437.0497487434,2543628.069186008,135191.01943726465,-4.9999790433640445
P0095,21950.013796791445,23411.48689839572,11510.6,4296,Backpack 095,12086.13,31499.75,Fashion,-1.9881704703486118,23157.26,-10.097835834230695,94297259.27101605,89437917.05950071,-4859342.211515337,44847721.671016045,44981712.58713488,133990.9161188379,5.499979245502895
P0221,4873.2964,5172.1762,3255.99,1497,Denim Jacket 221,3418.79,7024.39,Fashion,-2.110414521601673,5263.16,-14.991564973147131,7295324.7108000005,6697772.676120628,-597552.0346793728,2421107.6808000007,2554277.059105281,133169.37830528012,7.999997701760964
P0053,4489.133365853659,4814.773024390243,2457.14,1507,Resistance Bands 053,2580.0,6477.76,Sports,-3.1037915594379486,4264.68,17.25767694151539,6765123.982341464,7535995.862711586,770871.8803701224,3062214.0023414637,3194049.6409280547,131835.638586591,-4.999926434820368
P0333,4167.913918918919,4451.757612612612,2683.3,1525,Wireless Headphones 333,2817.46,6011.06,Electronics,-1.8979523744845166,4501.35,-13.590139520267142,6356068.7263513515,5931651.727911026,-424416.99844032526,2264036.2263513515,2395732.153875701,131695.92752434965,8.00007120030848
P0006,8461.286032608696,9060.072391304348,4338.75,1995,Bluetooth Speaker 006,4555.69,12234.1,Electronics,-2.4168483887595014,8038.22,13.19797782613592,16880265.635054346,18152713.38303358,1272447.747979235,8224459.385054348,8354515.743485292,130056.35843094438,-5.000020457626109
P0249,3428.6605,3637.50205,2513.89,1224,Cricket Bat 249,2639.58,4931.79,Sports,-2.0077287185320154,3702.95,-14.31709819618815,4196680.452,3883504.5979634807,-313175.85403651884,1119679.0920000002,1247040.5441727259,127361.4521727257,7.9999025858640715
P0038,3000.6962500000004,3198.20109375,1546.97,1071,Wireless Headphones 038,1624.32,4320.59,Electronics,-3.6516468664820625,2850.66,20.59950547068572,3213745.6837500003,3681973.3316036076,468227.6478536073,1556940.8137500004,1683874.85176937,126934.03801936959,-5.000047905548611
P0322,5351.874567307692,5743.401730769231,3949.84,1610,Winter Jacket 322,4147.33,7719.81,Fashion,-2.773559731664826,5780.02,-19.22123340015548,8616518.053365383,7517142.367950408,-1099375.6854149755,2257275.653365384,2380224.7921360573,122949.13877067342,7.999915306454786
P0066,10046.681581395349,10823.677813953489,5959.93,2709,Moisturizer 066,6257.93,14506.25,Beauty,-2.1918566368695482,10850.42,-15.522720445739491,27216460.404,24831063.36748263,-2385397.0365173705,11071010.034,11191826.123123342,120816.08912334219,8.00003874008539
P0368,15318.13091891892,16444.703027027026,9065.19,3326,Football 368,9518.45,22149.42,Sports,-2.659543291648801,14552.22,14.6159441123348,50948103.43632433,55474917.27282841,4526813.836504079,20797281.496324327,20917268.04866843,119986.55234410241,-5.000028547692914
P0128,19405.870631578946,20736.17463157895,10654.48,4106,Cricket Bat 128,11187.2,28043.58,Sports,-2.087791407226539,20473.19,-10.576077769149395,79680504.81326315,75172371.4535165,-4508133.35974665,35933209.93326315,36051824.50192441,118614.56866125762,5.499981880144134
P0397,7399.91535,7939.38255,3796.38,2080,Resistance Bands 397,3986.2,10726.09,Sports,-2.4101072563217754,7029.92,13.158843573943923,15391823.928000001,16546349.463769272,1154525.5357692707,7495353.528,7610794.875970487,115441.34797048662,-4.999994358043569
P0490,9191.469900497512,9889.768109452736,5558.38,2381,Cricket Bat 490,5836.3,13302.25,Sports,-2.8909403241320164,8731.9,15.98443940994101,21884889.833084576,24113913.448967006,2229023.61588243,8650387.053084575,8763949.590890946,113562.53780637123,-4.999960892790789
P0335,3099.8478125,3307.7898437500003,2097.8,1083,Smart Watch 335,2202.69,4471.82,Electronics,-1.5846388555329454,3347.84,-11.481220270004089,3357135.1809375,3209430.7037364463,-147704.47720105387,1085217.7809375,1198357.1447829963,113139.3638454962,8.0001407327154
P0301,2563.0457798165135,2741.1728440366974,2159.58,1157,Bluetooth Speaker 301,2267.56,3688.12,Electronics,-2.547381346188924,2768.09,-17.802814204249295,2965443.967247706,2632512.4064216753,-332931.56082603056,466809.90724770614,578705.5257675664,111895.61851986026,8.000021763098019
P0453,5844.248447488584,6239.643652968037,3621.1,1782,Air Fryer 453,3802.16,8428.44,Home & Kitchen,-3.290323116330491,5552.04,18.384961286836464,10414450.733424656,11712686.295551363,1298235.5621267073,3961650.5334246573,4073541.2768644583,111890.74343980104,-4.999931986364359
P0408,9373.67971098266,9983.632832369942,5926.57,1958,Smartphone 408,6222.9,13501.13,Electronics,-2.350912370925096,10123.57,-16.55051136383989,18353664.87410405,16541322.642109117,-1812342.2319949325,6749440.8141040495,6857657.003844859,108216.18974080961,7.999956390004792
P0023,4683.581964285715,5011.727767857143,2850.87,1561,Coffee Maker 023,2993.41,6708.61,Home & Kitchen,-1.9352570623976115,5058.27,-13.837867104185964,7311071.446250001,6803325.103275904,-507746.34297409654,2860863.376250001,2968930.9118622644,108067.53561226325,8.000031569244204
P0423,3402.1022429906543,3637.1122897196265,2191.5699999999997,1204,Smartphone 423,2301.15,4891.14,Electronics,-1.7113506574240396,3674.27,-12.340248721478432,4096131.1005607476,3877911.001577216,-218220.09898353135,1457480.8205607482,1564876.7290192037,107395.90845845547,7.99998758326832
P0321,7407.100710659899,7911.8696446700515,5474.9,1955,Face Serum 321,5748.64,10676.91,Beauty,-3.111739637082725,7999.67,-21.296512855577966,14480881.889340103,12308715.737469781,-2172166.1518703215,3777452.389340103,3884743.476925007,107291.08758490393,8.000016639267615
P0242,2763.0823902439024,2971.393658536585,2140.89,1108,Football 242,2247.93,4004.11,Sports,-2.0799039132028962,2984.13,-14.791719731338372,3061495.288390244,2817339.2846029038,-244156.00378734013,689389.168390244,796108.4536032288,106719.28521298477,8.000036862331328
P0265,10900.325404040404,11610.913585858587,6850.18,2665,Yoga Mat 265,7192.69,15745.29,Sports,-3.0078708844916484,10355.31,16.68217583935383,29049367.20176768,32200662.032656834,3151294.830889154,10793637.501767676,10899479.403345691,105841.90157801472,-4.9999920538003835
P0263,2141.2944392523364,2275.746495327103,1283.95,1051,Wireless Headphones 263,1348.15,3091.85,Electronics,-0.9578647192849901,2312.6,-7.106663096725185,2250500.4556542053,2257810.1679030433,7309.712248838041,901069.0056542055,1004278.264775797,103209.25912159157,8.00009366332064
P0048,6347.4,6815.3289444444445,5031.26,1566,Perfume 048,5282.82,9143.28,Beauty,-3.6127192154297174,6855.19,-24.273243392645348,9940028.399999999,8129442.0022235215,-1810586.397776477,2061075.239999999,2162966.319542844,101891.07954284479,7.999968491035703
P0155,6787.191435897436,7266.033641025641,4959.96,1851,Yoga Mat 155,5207.96,9824.95,Sports,-3.0057648316983188,7330.17,-20.65198783877804,12563091.347846154,10766048.31055554,-1797043.037290614,3382205.3878461546,3481197.8025068208,98992.41466066614,8.000047872979565
P0481,8699.452139534884,9295.904093023257,4940.92,2413,Sunscreen 481,5187.97,12543.09,Beauty,-2.607424381894222,8264.48,14.30994471560294,20991778.012697674,22795905.349079967,1804127.3363822922,9069338.052697675,9167370.822053012,98032.7693553362,-4.999994626766691
P0378,1698.9498113207546,1800.3939150943397,1147.27,901,Wireless Mouse 378,1204.63,2444.65,Electronics,-0.6588994992125474,1834.87,-4.944532035380755,1530753.78,1571470.3824823056,40716.60248230561,497063.50999999995,588891.2590290694,91827.7490290695,8.00024743365324
P0485,10191.444029850747,10898.73776119403,5471.6900000000005,2557,Perfume 485,5745.27,14757.63,Beauty,-1.9731579617549293,11006.76,-14.088826609544913,26059522.38432836,24179084.777150776,-1880437.6071775854,12068411.05432836,12159156.863182867,90745.80885450728,8.00000439350097
P0187,2823.3490865384615,3023.844951923077,1707.96,1149,Winter Jacket 187,1793.36,4064.42,Fashion,-1.5091903386566132,3049.22,-10.965732274319572,3244028.100432692,3119360.397158392,-124667.70327430032,1281582.0604326923,1372110.935932778,90528.87550008576,8.00010577999284
P0369,3851.4775384615386,4152.84758974359,2007.29,1267,Smart Watch 369,2107.65,5558.99,Electronics,-1.521585073104264,4159.6,-11.050622605752014,4879822.04123077,4687817.029511816,-192005.01171895396,2336585.6112307697,2425624.0593631165,89038.44813234685,8.000110566957641
P0286,1782.697365591398,1911.6024731182795,977.67,841,Smart Watch 286,1026.55,2575.6,Electronics,-0.5469937237975655,1925.31,-4.122342325203688,1499248.4844623657,1552439.8759975906,53191.39153522486,677028.0144623658,764114.1484388893,87086.13397652353,7.999823030045894
P0169,2070.5431718061673,2219.1692511013216,1580.77,1082,Smart Watch 169,1659.81,2991.24,Electronics,-1.8271668887939747,2236.19,-13.11811783636444,2240327.711894273,2102153.993345435,-138173.71854883805,529934.571894273,616132.2409157288,86197.6690214558,8.000162974111591
P0189,9084.159484978542,9689.145236051501,4793.86,2660,Moisturizer 189,5033.55,13070.89,Beauty,-2.328264869670124,8629.95,12.684802338247913,24163864.23004292,25867552.512661133,1703688.2826182134,11412196.630042922,11498361.082770731,86164.45272780955,-5.000016630373083
P0099,13935.610725388602,14961.347098445594,8772.01,3073,Smart Watch 099,9210.61,20103.7,Electronics,-2.4843430738717966,14702.07,-12.45468434521998,42824131.759119175,39552499.99781147,-3271631.761307709,15867745.029119173,15953446.14590973,85701.11679055728,5.500004913419576
P0357,2601.284713114754,2810.4831967213117,2050.09,1313,Smartphone 357,2152.59,3758.76,Electronics,-2.7086665584718994,2809.39,-18.81679526315362,3415486.828319672,2994625.7977623623,-420861.03055730974,723718.658319672,809362.1332699992,85643.47495032719,8.00009648448141
P0115,3967.205633187773,4195.87943231441,2553.41,1479,Winter Jacket 115,2681.08,5712.9,Fashion,-2.1211286852902917,4284.58,-15.061631758230053,5867497.131484716,5382456.825725039,-485040.30575967766,2091003.7414847163,2174764.963500737,83761.22201602091,7.9999474732850295
P0157,7400.168830409358,7956.577602339182,4235.530000000001,1714,Backpack 157,4447.31,10704.97,Fashion,-2.0309536335423886,7992.18,-14.470112193153284,12683889.37532164,11716397.660437718,-967491.7148839217,5424190.955321638,5507185.746696295,82994.7913746573,7.999968421773085
P0147,1837.9946153846156,1971.1575824175825,1119.35,865,Moisturizer 147,1175.32,2651.28,Beauty,-0.808166460219549,1985.03,-6.030256405880019,1589865.3423076924,1613511.7765109816,23646.434203289216,621627.5923076926,703661.2454545054,82033.65314681281,7.999772327114019
P0499,16794.563404255317,17871.076542553194,9446.95,3457,Resistance Bands 499,9919.3,24067.08,Sports,-2.4260867765611325,16038.81,11.818472630708964,58058805.688510634,61999048.60984019,3940242.921329558,25400699.538510628,25481253.122794557,80553.58428392932,-4.499988395434141
P0323,5482.292923076923,5844.8130769230775,4052.69,1595,Running Shoes 323,4255.32,7865.75,Fashion,-3.03633125496296,5920.88,-20.838428607930247,8744257.212307693,7475858.729093334,-1268398.4832143597,2280216.662307692,2358822.6542927455,78605.99198505329,8.000066451701393
P0026,2685.650769230769,2853.497596153846,1847.63,1177,Backpack 026,1940.01,3844.35,Fashion,-1.9719440543268747,2900.5,-14.080800105280666,3161010.9553846153,2933188.547166955,-227822.40821766015,986350.4453846151,1064737.6365485322,78387.19116391707,7.999894596525237
P0022,9768.291304347826,10382.073130434781,5009.84,2629,Wireless Headphones 022,5260.33,14048.24,Electronics,-1.894858613034358,10549.75,-13.569562960530012,25680837.839130435,23971745.210138652,-1709092.6289917827,12509968.479130434,12588105.260393007,78136.78126257285,7.9999528198380965
P0279,3328.8299545454543,3544.525090909091,2332.92,1317,Backpack 279,2449.57,4776.66,Fashion,-2.330884793976134,3595.14,-16.4217878861623,4384069.050136363,3957256.652335285,-426812.3978010779,1311613.4101363632,1389353.1604325154,77739.7502961522,8.000109620826512
P0494,7159.381057692308,7636.0005769230775,4503.23,2081,Bluetooth Speaker 494,4728.39,10307.78,Electronics,-2.3607885477377906,7732.13,-16.61391562285627,14898671.981057692,13417292.724334529,-1481379.2567231636,5527450.351057693,5602997.948773585,75547.5977158919,7.999978457527535
P0404,14761.093788546255,15771.332643171805,8031.6,3760,Backpack 404,8433.18,21207.74,Fashion,-2.3209440910823895,14096.84,11.278447139375292,55501712.64493392,58982178.98852393,3480466.3435900137,25302896.64493392,25377405.48924672,74508.84431279823,-4.500030946634026
P0102,16230.280873786407,17255.691650485438,10869.36,3529,Sneakers 102,11412.83,23260.8,Fashion,-2.8157664744409434,16879.49,-10.455669384992516,57276661.20359223,53339522.988317646,-3937138.2152745873,18918689.76359223,18992134.2248739,73444.46128167212,3.999987007385286
P0489,3635.57956097561,3868.7989268292686,2005.35,1319,Resistance Bands 489,2105.62,5259.74,Sports,-2.9299470252099775,3453.8,16.216731317226607,4795329.440926829,5294326.375530908,498996.93460407853,2150272.79092683,2220327.9954119734,70055.20448514353,-5.000016033945065
P0343,3248.01538071066,3489.0238071065987,2469.87,1246,Bluetooth Speaker 343,2593.36,4705.53,Electronics,-2.8613445315968957,3507.86,-19.76513614777522,4047027.164365482,3506896.8742224933,-540130.2901429888,969569.1443654824,1037702.6217661209,68133.47740063851,8.000104335481527
P0113,2520.3052127659575,2685.1638829787234,1710.1100000000001,1023,Cricket Bat 113,1795.62,3631.65,Sports,-1.8666579682359994,2721.93,-13.381774867096707,2578272.2326595746,2411913.9387861383,-166358.29387343628,828829.7026595745,896577.869579979,67748.16692040453,8.00001468920366
P0087,2452.4741704035873,2637.8877578475335,1506.2,1176,Backpack 087,1581.51,3556.37,Fashion,-1.680316139018973,2648.67,-12.130627654609361,2884109.624394619,2736988.946685239,-147120.6777093797,1112818.4243946187,1180566.486836101,67748.06244148221,7.999914207623493
P0287,1993.4356756756756,2125.8953513513516,1173.92,939,Sunscreen 287,1232.62,2878.55,Beauty,-1.2242823804337388,2152.91,-8.991934055163176,1871836.0994594593,1839803.5783173519,-32032.521142107435,769525.2194594593,836611.7657298408,67086.54627038154,7.9999734262943045
P0392,2193.7479081632655,2344.6834693877554,1753.37,989,Water Bottle 392,1841.04,3170.81,Home & Kitchen,-2.497569303937804,2369.25,-17.487099398157234,2169616.6811734694,1933430.7480238776,-236185.9331495918,435533.7511734697,502588.62363945507,67054.87246598536,8.000102982829738
P0002,18501.1176,19694.6054,9953.76,4131,Yoga Mat 002,10451.45,26667.99,Sports,-2.069061363249337,19241.16,-7.794468460941751,76428116.8056,73289789.39973162,-3138327.4058683813,35309134.24560001,35375812.96683096,66678.72123095393,3.999987546698258
P0195,4141.765373134328,4428.980298507463,2830.99,1422,Air Fryer 195,2972.54,5969.38,Home & Kitchen,-2.4738433349227966,4473.11,-17.336295241164702,5889590.360597014,5258037.874163838,-631552.4864331763,1863922.5805970146,1930271.7459330787,66349.16533606406,8.000082018526378
P0266,2866.4808457711442,3087.19184079602,1655.37,1138,Backpack 266,1738.14,4163.8,Fashion,-1.649628683608263,3095.8,-11.922857921052499,3262055.2024875623,3102974.995019762,-159080.20746780047,1378244.1424875623,1443768.051204635,65523.9087170728,8.000023951569935
P0116,2198.273268292683,2326.892,1648.8,1026,Cricket Bat 116,1731.24,3150.45,Sports,-2.2306104668310125,2374.14,-15.774301536106838,2255428.3732682928,2051622.3247970862,-203806.04847120657,563759.5732682928,626802.4623013262,63042.889033033396,8.000221548611464
P0470,12762.602362637363,13584.658626373626,7237.15,2788,Cricket Bat 470,7599.01,18386.55,Sports,-2.4698725427532198,12188.29,12.044133798895285,35582135.38703296,38073649.08938147,2491513.702348508,15404961.187032968,15466309.031897295,61347.84486432746,-4.499962831394533
P0016,9930.967799043063,10657.985454545455,5811.47,2609,Smartphone 016,6102.04,14396.28,Electronics,-2.227500427226995,10526.83,-12.172367836876441,25909894.98770335,24121410.09947079,-1788484.888232559,10747769.75770335,10804874.524354238,57104.766650887206,6.000041617437857
P0062,20151.439771689496,21501.157077625572,11406.89,4834,Air Fryer 062,11977.23,29097.95,Home & Kitchen,-2.3955001442134343,19546.9,7.569292564609431,97412059.85634702,101641899.75028378,4229839.893936753,42271153.59634703,42327216.972687356,56063.37634032965,-2.9999830212569023
P0039,2650.4230890052354,2835.84109947644,1938.22,1087,Running Shoes 039,2035.13,3838.58,Fashion,-2.4881924239143247,2862.46,-17.427532105404463,2881009.897748691,2569234.65068735,-311775.24706134107,774164.7577486909,829560.6238720035,55395.86612331262,8.000115599443669
P0264,7078.395816326531,7554.372602040817,4119.27,1813,Face Serum 264,4325.23,10138.61,Beauty,-2.1433599958449574,7644.67,-15.206832367677404,12833131.615,11752148.30700622,-1080983.3079937808,5364895.1049999995,5419594.003903599,54698.89890359994,8.000035578221576
P0479,11606.18779342723,12406.688873239436,7184.43,2905,Dumbbell Set 479,7543.65,16724.3,Sports,-2.4411618535725017,12186.5,-11.228513684114294,33715975.53990611,31426681.24330888,-2289294.2965972275,12845206.389906105,12899389.26329653,54182.873390425,5.00002427068611
P0054,2323.0257954545455,2453.1993181818184,1356.94,954,Yoga Mat 054,1424.79,3328.37,Sports,-3.5638010806321616,2206.87,20.057318625742493,2216166.6088636364,2527636.6965366914,311470.087673055,921645.8488636363,973469.7830271082,51823.93416347192,-5.000193957459587
P0370,2718.491142857143,2922.059142857143,1502.67,1140,Smart Watch 370,1577.8,3930.52,Electronics,-1.6795701167214367,2935.97,-12.125582520279698,3099079.902857143,2941162.2848161394,-157917.6180410036,1386036.1028571432,1435835.0243936745,49798.9215365313,7.9999840247515275
P0180,20323.218048780487,21556.025317073174,11873.460000000001,4552,Wireless Headphones 180,12467.13,29244.66,Electronics,-2.314632961582543,20932.91,-6.612975834903101,92511288.55804878,88985345.58318196,-3525942.9748668224,38463298.638048775,38511536.17584242,48237.53779364377,2.999977413793964
P0351,3183.8984090909094,3402.127454545455,2181.66,1304,Sunscreen 351,2290.74,4611.36,Beauty,-2.4855044199966843,3438.61,-17.410448441498694,4151803.525454546,3703272.386323993,-448531.13913055276,1306918.885454546,1353694.919791309,46776.03433676297,7.999991148644026
P0214,1177.906,1265.2424444444443,819.21,694,Wireless Mouse 214,860.17,1695.99,Electronics,-0.9441706112275917,1272.14,-7.008710010731855,817466.764,820986.7202032963,3519.956203296315,248935.02399999995,292301.72117886425,43366.6971788643,8.000129042555182
P0082,1909.5619680851064,2036.3152127659575,1188.42,945,Hair Dryer 082,1247.84,2753.46,Beauty,-1.6971868549624909,2062.33,-12.244642147721441,1804536.0598404256,1710263.2430372825,-94272.81680314313,681479.1598404255,724720.6415575764,43241.48171715089,8.000161003839445
P0149,1548.4273480662982,1654.3173480662983,916.4,817,Wireless Headphones 149,962.22,2226.38,Electronics,-4.070811452689601,1471.01,23.22051021080167,1265065.1433701657,1480878.7379517416,215813.59458157583,516366.3433701657,558328.2566495918,41961.91327942617,-4.999740424565502
P0362,14495.212842639594,15506.78812182741,8746.09,3316,Sneakers 362,9183.39,20922.03,Fashion,-2.6541530985847834,14060.36,8.420109729972447,48066125.786192894,50549945.930726804,2483820.14453391,19064091.346192893,19105908.366954405,41817.02076151222,-2.999975559933943
P0013,2035.6983902439024,2154.393756097561,1636.58,999,Backpack 013,1718.41,2928.03,Fashion,-3.1553979904287397,2198.55,-21.560512202295033,2033662.6918536585,1722810.1669448707,-310852.5249087878,398719.27185365855,440368.92251459055,41649.650660932006,7.999790663320527
P0334,1795.0455026455024,1916.461164021164,1366.62,903,Bluetooth Speaker 334,1434.95,2583.56,Electronics,-2.444739631120394,1938.65,-17.150933316750226,1620926.0888888887,1450355.9071713276,-170570.1817175611,386868.2288888888,427950.4878300425,41082.258941153705,8.000047750480753
P0426,8015.978652849741,8492.266683937823,4188.08,2015,Perfume 426,4397.48,11490.17,Beauty,-2.2581967457523384,7615.18,12.28053725651479,16152196.985492228,17228984.876339193,1076787.8908469658,7713215.785492227,7753651.446002916,40435.66051068902,-4.999996509562232
P0295,1743.818540772532,1875.7860944206006,1067.83,1093,Wireless Headphones 295,1121.22,2530.17,Electronics,-1.7518328935240217,1883.32,-12.61293249995309,1905993.6650643775,1798839.3282873395,-107154.33677703794,738855.4750643776,778911.4903732138,40056.015308836126,7.99976924007626
P0260,14243.590539215687,15272.713529411765,9152.64,3517,Smart Watch 260,9610.27,20708.51,Electronics,-2.655563037515604,14670.9,-7.549356038291933,50094707.926421575,47702266.47077496,-2392441.4556466118,17904873.046421576,17942556.83400445,37683.7875828743,3.000012248371209
P0429,1617.4799130434783,1737.808304347826,1253.8600000000001,1050,Mixer Grinder 429,1316.55,2341.26,Home & Kitchen,-2.7451038976897704,1746.88,-19.04413480854077,1698353.9086956521,1484910.468861333,-213443.43983431906,381800.9086956521,419083.5970072208,37282.688311568694,8.00010472544541
P0447,6794.078152173913,7271.864836956521,4927.53,1759,Yoga Mat 447,5173.91,9776.47,Sports,-3.2016216454235495,7167.75,-15.753004432330675,11950783.469673913,10621925.701097826,-1328857.7685760874,3283258.199673913,3319796.0710543073,36537.871380394325,5.499963931185037
P0252,8002.1012121212125,8557.3498989899,5746.0,2023,Air Fryer 252,6033.3,11540.61,Home & Kitchen,-3.1947788940218813,8362.2,-13.118426302905984,16188250.752121212,14697514.322810922,-1490736.4293102901,4564092.752121213,4598262.923374271,34170.17125305813,4.500052902771667
P0493,5178.153910614526,5540.040893854748,3254.58,1342,Mixer Grinder 493,3417.31,7503.93,Home & Kitchen,-3.0714329383702017,4919.25,17.063216387609724,6949082.548044694,7728078.563162624,778996.0151179302,2581436.1880446933,2615171.253710264,33735.06566557055,-4.999926906069884
P0468,2168.069857142857,2327.1907142857144,1439.5,1050,Yoga Mat 468,1511.48,3112.05,Sports,-2.2306104668310125,2341.52,-15.774301536106838,2276473.35,2070765.625732438,-205707.72426756215,764998.3499999999,797715.2498753086,32716.899875308736,8.00021006176066
P0311,4210.88746031746,4499.803544973545,2991.63,1330,Vacuum Cleaner 311,3141.21,6069.17,Home & Kitchen,-2.92323889203129,4547.76,-20.146422423726452,5600480.322222222,4829958.610649629,-770521.7115725931,1621612.4222222215,1652690.2454656821,31077.823243460618,8.00003663971449
P0151,1084.0463499999998,1154.4841999999999,739.88,780,Resistance Bands 151,776.87,1554.85,Sports,-1.4985364010764992,1170.77,-10.892699746494793,845556.1529999999,813728.4408709534,-31827.71212904656,268449.7529999999,299484.5082407586,31034.755240758706,7.999994649675268
P0230,1978.949207048458,2112.0562995594714,1019.75,1074,Sneakers 230,1070.74,2860.76,Fashion,-2.692294155989485,1880.0,14.808649222765059,2125391.4483700437,2318126.551941319,192735.10357127525,1030179.9483700439,1060729.0226589355,30549.07428889163,-5.000088263813385
P0466,1428.5525870646766,1529.79960199005,1108.85,814,Air Fryer 466,1164.29,2062.91,Home & Kitchen,-2.5722786635777193,1542.84,-17.96016336258446,1162841.8058706468,1030312.9993188793,-132528.8065517675,260237.9058706468,289818.2342759379,29580.328405291104,8.000224420870339
P0196,9073.348626373627,9751.482582417582,6363.65,2229,Coffee Maker 196,6681.83,13247.44,Home & Kitchen,-3.0804838351880823,9436.28,-11.380545246740237,20224494.088186815,18639749.843058664,-1584744.245128151,6039918.238186815,6069456.065726105,29537.8275392903,3.9999716595418455
P0412,17041.821513513514,18193.252594594596,8780.470000000001,3551,Cricket Bat 412,9219.49,24650.73,Sports,-2.1301851572144663,16530.57,6.7034976155514014,60515508.19448649,62634998.92804242,2119490.733555928,29336059.224486485,29365436.3397964,29377.115309916437,-2.9999816223172604
P0224,1022.5902590673576,1086.759170984456,870.77,723,Mixer Grinder 224,914.31,1470.66,Home & Kitchen,-2.8250324339377597,1104.4,-19.540596841435498,739332.7573056995,642451.7417946379,-96881.01551106165,109766.04730569954,135906.12444362728,26140.077137927743,8.0002464532819
P0275,7923.286313131312,8495.099747474747,4888.17,2043,Face Serum 275,5132.58,11463.08,Beauty,-2.8018736265092907,7606.35,12.117592755547868,16187273.93772727,17422830.59685696,1235556.6591296885,6200742.627727271,6226172.092305878,25429.46457860712,-4.000061345833883
P0199,6108.654751381216,6518.126740331491,3344.73,1545,Dumbbell Set 199,3511.97,8836.99,Sports,-2.3977334343157715,5803.22,13.087045111587425,9437871.590883978,10139359.598378826,701488.0074948482,4270263.740883978,4295464.577859391,25200.836975413375,-5.000032966540702
P0422,1030.0875916230368,1102.6176963350786,810.84,737,Backpack 422,851.38,1484.81,Fashion,-2.295959659350119,1112.49,-16.196837939252628,759174.5550261781,687109.2652863493,-72065.28973982879,161585.47502617812,186310.7201166201,24725.245090441982,7.999553537687754
P0360,8360.33645631068,8924.258155339805,4927.88,2176,Moisturizer 360,5174.27,12001.05,Beauty,-2.587414641353608,8025.92,11.14032724635261,18192092.12893204,19410000.696050905,1217908.5671188645,7469025.248932041,7492349.074773652,23323.82584161032,-4.0000358604975865
P0227,2458.331170212766,2615.964308510638,1580.79,904,Yoga Mat 227,1659.83,3529.01,Sports,-3.4981510708430235,2335.41,19.653716903928608,2222331.377872341,2526146.9907692187,303815.6128968778,793297.2178723407,816254.5025023848,22957.28463004413,-5.000187594827898
P0272,663.3881067961165,714.8908252427185,515.6,772,Sneakers 272,541.38,961.06,Fashion,-1.650145944530281,716.46,-11.926364108848142,512135.61844660196,487140.97664832365,-24994.641798278317,114092.41844660194,136569.85799083425,22477.439544232315,8.00012732519404
P0341,17783.097640449436,19177.45308988764,10968.48,3643,Hair Dryer 341,11516.9,25836.42,Beauty,-2.523828025917734,18138.76,-4.875005322306425,64783824.70415729,62858121.99787269,-1925702.706284605,24825652.064157296,24847912.400769077,22260.33661178127,2.0000022872369128
P0312,2787.0995789473686,2974.153,1836.62,1025,Wireless Mouse 312,1928.45,4006.25,Electronics,-2.445145658770943,3010.07,-17.153522169679658,2856777.068421053,2556078.3151032124,-300698.7533178404,974241.568421053,996463.9594478023,22222.391026749276,8.000088074960088
P0268,542.1054854368932,580.2631067961165,406.15,697,Winter Jacket 268,426.46,784.17,Fashion,-0.9816112984884955,585.47,-7.276276342516175,377847.5233495146,378382.63686903054,535.1135195159586,94760.97334951459,115894.24653552577,21133.27318601118,7.999276105490516
P0233,19538.52035897436,20601.40117948718,10906.21,4101,Hair Dryer 233,11451.52,28023.17,Beauty,-2.321536617397543,19147.75,4.801859054187196,80127471.99215385,82295578.6556824,2168106.6635285467,35401104.78215386,35421514.332200006,20409.550046145916,-1.9999997532816005
P0496,13602.782253521127,14464.79164319249,7384.8,3311,Air Fryer 496,7754.04,19579.75,Home & Kitchen,-2.260317750333639,13262.71,5.889540155900641,45038812.04140845,46499106.188269615,1460294.1468611658,20587739.241408452,20607977.637165118,20238.395756665617,-2.500019828172273
P0299,5997.078139534883,6436.174709302326,3254.35,1472,Moisturizer 299,3417.07,8671.33,Beauty,-2.0317458320499435,6416.87,-12.843530006755799,8827699.021395348,8232484.608083691,-595214.4133116566,4037295.8213953483,4057338.2805202813,20042.459124932997,6.999939815652878
P0250,16582.04883838384,17848.93898989899,10615.15,3703,Cricket Bat 250,11145.91,24121.96,Sports,-2.874883551197749,16250.41,5.98002330291405,61403326.84853535,63773754.900785394,2370428.0522500426,22095426.398535356,22115232.84398914,19806.44545378536,-1.9999871042242212
P0171,2383.2787640449437,2539.129438202247,1755.92,885,Sneakers 171,1843.72,3427.04,Fashion,-2.99557316461147,2573.94,-20.589725913289335,2109201.7061797753,1808916.684392452,-300285.0217873233,555212.5061797751,574889.6013945695,19677.09521479439,7.999955306590434
P0156,1928.1428292682929,2064.3809268292684,1372.88,979,Wireless Headphones 156,1441.52,2792.6,Electronics,-2.7234332957248415,2082.39,-18.90900460377377,1887651.8298536588,1653172.911118883,-234478.91873477586,543602.3098536587,563269.7767326823,19667.46687902359,7.999779289703457
P0428,10047.771512195122,10805.343463414634,6071.34,2478,Yoga Mat 428,6374.91,14540.46,Sports,-2.408110268087197,10399.44,-7.950382062475847,24898377.807219513,23721021.801733404,-1177356.0054861084,9853597.287219513,9872358.813534345,18761.52631483227,3.4999650159047935
P0150,1747.2361352657006,1865.434009661836,1335.96,924,Vacuum Cleaner 150,1402.76,2522.37,Home & Kitchen,-3.1928395234021014,1887.02,-21.786213334193437,1614446.1889855072,1363737.0579343583,-250709.131051149,380019.1489855073,398244.9263237276,18225.777338220272,8.000284673201463
P0282,4226.107625570776,4504.283424657534,2246.62,1490,Water Bottle 282,2358.95,6106.89,Home & Kitchen,-2.3182388233268965,4014.8,12.626866942113057,6296900.362100456,6737401.5126853,440501.15058484394,2949436.562100456,2967257.912723899,17821.35062344279,-5.000053105420776
P0154,5586.750653266331,5998.272663316583,3478.74,1650,Hair Dryer 154,3652.68,8092.39,Beauty,-2.8674165627880095,5335.35,14.113930291822797,9218138.577889446,10045817.120582448,827678.5426930021,3478217.5778894466,3495767.6718367515,17550.09394730488,-4.499944043848592
P0315,1194.284923857868,1278.521269035533,666.24,815,Running Shoes 315,699.55,1722.65,Fashion,-1.667138125005716,1289.83,-12.041465886628878,973342.2129441624,924628.545805319,-48713.66713884345,430356.61294416245,447026.3715986261,16669.75865446363,8.000191096233134
P0254,678.6378461538462,721.0577948717948,360.2,675,Water Bottle 254,378.21,968.81,Home & Kitchen,-1.0922693148778446,732.93,-8.062591574081457,458080.5461538462,454839.173248111,-3241.3729057352175,214945.5461538462,231307.15527175393,16361.609117907734,8.000165943271863
P0358,10608.569175824176,11354.88098901099,5735.8,2415,Sunscreen 358,6022.59,15370.21,Beauty,-2.0950096449946023,10979.87,-6.953546800628629,25619694.559615385,24672554.707022622,-947139.8525927626,11767737.559615383,11783800.019820575,16062.460205191746,3.5000085121938973
P0086,430.67846889952153,454.11784688995215,361.47,716,Air Fryer 086,379.54,616.06,Home & Kitchen,-1.8486706062202323,465.13,-13.261783962505536,308365.78373205743,288868.6580535629,-19497.125678494514,49553.2637320574,64379.2953238793,14826.031591821898,7.999362305831004
P0207,1086.1942857142856,1150.1838461538462,707.9200000000001,696,Bluetooth Speaker 207,743.32,1565.74,Electronics,-1.9961148573523821,1173.09,-14.240479309888432,755991.2228571428,700201.2051161266,-55790.01774101623,263278.90285714273,277653.4811029978,14374.578245855053,8.000015782496162
P0126,10240.19245508982,10842.77,6859.92,2074,Air Fryer 126,7202.92,14724.07,Home & Kitchen,-2.8740056261799283,10496.2,-6.8507096670283545,21238159.15185629,20277774.39298473,-960384.758871559,7010685.071856287,7024983.2551572425,14298.183300955221,2.500026694155877
P0112,6707.407499999999,7099.622641509434,3960.4,1898,Wireless Mouse 112,4158.42,9658.47,Electronics,-2.5841894329230923,6472.65,9.643869323498322,12730659.434999999,13469844.029108424,739184.5941084251,5213820.2349999985,5228090.679402927,14270.444402928464,-3.4999737230815287
P0222,536.5944711538461,576.701201923077,359.46000000000004,672,Hair Dryer 222,377.43,780.93,Beauty,-1.3658012668461006,579.52,-9.977764717874804,360591.4846153846,350581.51586279133,-10009.968752593268,119034.36461538458,133126.39695566584,14092.032340281265,7.999621903269061
P0168,1320.2529556650245,1422.3031527093594,827.6800000000001,890,Wireless Mouse 168,869.06,1905.17,Electronics,-3.4084025870701598,1254.24,19.104157486342977,1175025.1305418718,1329528.5928854633,154503.4623435915,438389.93054187176,452165.4441776254,13775.513635753654,-5.000023319907898
P0058,8946.452372093023,9536.349488372094,5415.16,2459,Bluetooth Speaker 058,5685.92,12897.2,Electronics,-2.6453334238557433,8722.79,6.926772355877597,21999326.382976744,22935090.40031826,935764.0173415169,8683447.942976743,8696851.373594075,13403.430617332458,-2.5000118794652026
P0476,9295.202040816326,9860.609336734693,4968.84,2287,Cricket Bat 476,5217.28,13386.14,Sports,-2.2306104668310125,9016.35,7.030390020018729,21258127.067346938,22070076.62179862,811949.5544516817,9894389.987346938,9907424.504225133,13034.516878195107,-2.9999567474903066
P0094,2407.758348623853,2570.598990825688,1314.45,1162,Moisturizer 094,1380.17,3495.95,Beauty,-2.4582580470185564,2287.37,13.438670138260434,2797815.2011009175,3015114.1392022283,217298.93810131075,1270424.3011009174,1282462.2144294211,12037.913328503724,-5.000017908469134
P0034,1427.8285945945945,1525.4049189189188,1085.95,834,Yoga Mat 034,1140.25,2067.24,Sports,-3.221751450159428,1542.05,-21.96005272793602,1190809.0478918918,1003651.2933326634,-187157.75455922843,285126.7478918918,296857.303960247,11730.556068355218,7.9996580708510345
P0338,651.5344444444445,692.3526495726495,508.98,817,Running Shoes 338,534.43,937.05,Fashion,-2.836359142808746,703.66,-19.610703973620012,532303.6411111112,462148.3617969713,-70155.27931413986,116466.98111111113,127860.19820336002,11393.217092248888,8.000429754715777
P0473,1840.2089304812835,1959.2827272727272,1414.56,856,Wireless Headphones 473,1485.29,2633.09,Electronics,-3.460940769542044,1987.43,-23.38349059121435,1575218.8444919786,1303427.909735094,-271790.9347568846,364355.4844919787,375706.6695931561,11351.185101177369,8.000236662269256
P0143,382.3067391304348,407.40465217391306,302.78,711,Moisturizer 143,317.92,549.96,Beauty,-1.8532797699200587,412.89,-13.29254680963211,271820.09152173914,254543.34090768525,-17276.75061405389,56543.51152173914,67882.50107436038,11338.989552621235,7.9996656452165915
P0372,717.3859239130435,755.9648913043478,514.9,610,Bluetooth Speaker 372,540.64,1033.95,Electronics,-2.1279342035614643,774.78,-15.10610741028675,437605.4135869565,401220.29135946376,-36385.12222749274,123516.41358695654,134577.9130633593,11061.499476402765,8.000446366984114
P0192,16737.46103626943,17681.04243523316,9966.61,3641,Resistance Bands 192,10464.94,24198.63,Sports,-2.416583160286927,16988.52,-3.5339998938587525,60941095.63305699,59669248.93873942,-1271846.6943175718,24652668.62305699,24663254.900755826,10586.27769883722,1.4999823640308163
P0347,12373.678333333333,13278.238431372549,7405.49,3038,Backpack 347,7775.76,17844.42,Fashion,-2.562745329831153,12126.2,5.313812124975281,37591234.77666666,38796987.12079396,1205752.3441272974,15093356.156666666,15103613.498822179,10257.342155512422,-2.0000385226327855
P0107,1500.4521276595744,1587.3310106382978,816.74,832,Air Fryer 107,857.58,2149.0,Home & Kitchen,-1.873247351180799,1620.49,-13.425690065170294,1248376.170212766,1167234.8991327616,-81141.27108000428,568848.490212766,578938.4993566038,10090.009143837844,8.000113440984101
P0304,2214.7952551020408,2353.628724489796,1495.67,1014,Winter Jacket 304,1570.45,3187.22,Fashion,-2.694362482446903,2380.9,-17.7048554712399,2245802.3886734694,1986800.2957083664,-259002.092965103,729193.0086734693,738704.4145006342,9511.405827164883,7.499778795142231
P0345,446.946724137931,475.1083908045977,314.40999999999997,628,Vacuum Cleaner 345,330.13,647.28,Home & Kitchen,-1.7123461678917655,482.7,-12.346964561814023,280682.5427586207,265708.9101668565,-14973.63259176421,83233.06275862071,92638.44748994254,9405.384731321828,7.999449135918768
P0134,9238.519468599034,9896.449275362318,6599.3,2471,Water Bottle 134,6929.26,13372.37,Home & Kitchen,-3.3446691289445223,9423.29,-6.408744984369841,22828381.606908213,21792676.22257593,-1035705.3843322843,6521511.306908212,6530871.655034873,9360.348126661032,2.000001537356577
P0216,882.170931372549,948.18,714.44,776,Wireless Mouse 216,750.16,1278.4,Electronics,-3.6948347310684113,952.74,-24.75030441346511,684564.6427450981,556343.4345394353,-128221.20820566278,130159.20274509801,139155.0286242459,8995.825879147887,7.999477892300777
P0435,3745.1559183673467,3997.5151530612243,2338.06,1293,Wireless Headphones 435,2454.96,5421.33,Electronics,-2.8772537107396863,3576.62,14.165628880875492,4842486.602448979,5279674.795415908,437188.1929669287,1819375.0224489793,1828320.448338336,8945.42588935676,-4.5001041890084466
P0402,11192.46519230769,11908.689423076923,7463.42,2739,Yoga Mat 402,7836.59,16124.13,Sports,-3.1032618519703727,11024.58,4.801885343970813,30656162.161730766,31646312.38080486,990150.2190740928,10213854.781730765,10222388.838755175,8534.057024409994,-1.4999840466162428
P0478,525.5061578947368,561.2746315789474,405.65999999999997,615,Hair Dryer 478,425.94,759.43,Beauty,-2.490147035098408,567.55,-17.439952457676355,323186.28710526315,288168.5724671259,-35017.71463813726,73705.38710526316,82197.02281810899,8491.635712845833,8.0006373804824
P0166,6557.147185929648,7058.008542713567,3544.01,1909,Backpack 166,3721.21,9515.58,Fashion,-2.093126608862799,6786.65,-6.947519137156544,12517593.977939699,12055609.351739159,-461984.62620054,5752078.887939698,5760129.717344122,8050.829404423945,3.500040605506305
P0185,4308.163418367347,4659.7962755102035,2997.66,1397,Water Bottle 185,3147.54,6231.84,Home & Kitchen,-3.0407424229978868,4458.95,-9.932056944607426,6018504.295459184,5610469.027377252,-408035.2680819323,1830773.2754591836,1838665.8369706413,7892.561511457665,3.5000200082891952
P0093,12315.486041666665,13093.25921875,6399.22,2833,Denim Jacket 093,6719.18,17785.49,Fashion,-2.0362227600489833,12561.8,-3.952042350497187,34889771.956041664,34181131.66019394,-708640.2958477214,16760781.696041662,16768606.772986654,7825.076944991946,2.0000344078990206
P0160,614.6583255813954,660.1972558139535,339.15,734,Sneakers 160,356.11,887.37,Fashion,-3.0435822373053187,583.93,16.896104629686693,451159.2109767442,501018.16614435165,49858.95516760746,202223.11097674424,210021.5622272902,7798.451250545972,-4.9992531301565
P0004,1120.7567487684728,1188.6802955665025,700.47,781,Perfume 004,735.49,1616.02,Beauty,-2.2172474016235,1210.42,-15.68763628811226,875311.0207881773,797035.0443737385,-78275.9764144388,328243.9507881772,335789.86656737095,7545.915779193747,8.000241919582685
P0105,1566.7145604395603,1675.4717582417582,903.67,811,Football 105,948.85,2266.88,Sports,-2.6987799721009735,1488.38,14.846849988987664,1270605.5085164835,1386287.8822018525,115682.37368536904,537729.1385164834,544602.4569432143,6873.318426730926,-4.9999254757409295
P0120,1606.8936097560975,1712.6324390243904,942.13,936,Sunscreen 120,989.24,2314.28,Beauty,-2.159458380188357,1735.45,-15.311821677115612,1504052.4187317071,1375654.9620007768,-128397.45673093037,622218.7387317072,628846.0825711233,6627.343839416048,8.000305027251642
P0462,13189.778059701493,14156.677462686566,7700.72,3112,Sneakers 462,8085.76,19050.65,Fashion,-2.352392014629772,13387.62,-3.4417616188155975,41046589.321791045,40228371.518150985,-818217.8036400601,17081948.68179105,17088536.68178559,6587.99999454245,1.4999641343698578
P0270,2547.739587628866,2751.558144329897,1802.85,1064,Mixer Grinder 270,1892.99,3709.54,Home & Kitchen,-3.0822753412164827,2662.39,-12.687116832301138,2710794.9212371134,2473382.4966079807,-237412.42462913273,792562.5212371135,798518.4823110347,5955.9610739211785,4.500083639938923
P0247,2265.3625396825396,2424.888148148148,1538.26,931,Mixer Grinder 247,1615.17,3268.17,Home & Kitchen,-3.4701503907681857,2163.42,17.32520127012762,2109052.5244444446,2363099.8638332803,254047.3393888357,676932.4644444444,682862.1210084076,5929.656563963159,-4.5000540927469075
P0399,22080.888934010152,23401.989441624366,11384.0,4341,Winter Jacket 399,11953.2,31520.1,Fashion,-2.041562349383803,22301.7,-2.0109277152843164,95853138.86253807,94864857.54245314,-988281.3200849295,46435194.86253807,46440672.67467282,5477.812134750187,1.0000098576183003
P0056,1592.7824210526314,1696.9630526315789,1098.52,803,Cricket Bat 056,1153.45,2293.15,Sports,-2.8071810214491997,1704.28,-17.29830380346773,1279004.284105263,1131801.3139980626,-147202.97010720032,396892.72410526307,402280.0915323712,5387.367427108111,7.000176387788271
P0131,9363.185759162303,9966.03937172775,5032.48,2233,Air Fryer 131,5284.1,13455.23,Home & Kitchen,-2.1119597026062507,9550.45,-4.0959861899595325,20907993.80020942,20452637.366786353,-455356.4334230684,9670465.960209424,9675397.115205614,4931.15499619022,2.0000056140555778
P0325,15166.9476146789,16245.310733944954,9026.29,3845,Cricket Bat 325,9477.6,22023.63,Sports,-2.43201675885857,15318.62,-2.390891428027131,58316913.57844037,57491845.68550949,-825067.8929308802,23610828.528440367,23615545.44797374,4716.919533371925,1.0000191810137782
P0420,19689.860616113743,21352.609146919433,10500.44,4740,Winter Jacket 420,11025.46,28513.39,Fashion,-2.1654163490258433,19492.96,2.2001706525639486,93329939.32037914,94429523.68280825,1099584.3624291122,43557853.72037914,43562367.262268044,4513.541888907552,-1.0000102080590878
P0190,1300.9272173913043,1398.773043478261,729.76,945,Wireless Mouse 190,766.25,1878.46,Electronics,-2.5146029131386096,1235.88,13.766995024470074,1229376.2204347826,1328693.1643573544,99316.94392257184,539753.0204347826,544129.5727257632,4376.552290980588,-5.000065839328105
P0285,11247.429999999998,12075.251234042553,5840.81,3329,Perfume 285,6132.85,16242.34,Beauty,-2.047864500193328,11416.14,-3.002973343770743,37442694.46999999,36863074.84091452,-579619.6290854737,17998637.979999993,18002918.184256937,4280.204256944358,1.4999871081660565
P0300,363.8466502463054,390.453842364532,312.04,690,Wireless Mouse 300,327.64,526.69,Electronics,-4.340627331829289,392.95,-28.39886059292789,251054.18866995073,194138.27238621443,-56915.9162837363,35746.5886699507,39975.57755619324,4228.988886242536,7.99879557335299
P0258,506.78071038251363,545.5053551912569,313.11,661,Running Shoes 258,328.77,731.94,Fashion,-2.0565902417475668,547.32,-14.638698011122365,334982.04956284154,308820.64205073833,-26161.407512103207,128016.3395628415,132152.01732421364,4135.677761372135,7.999375032819955
P0424,690.1753456221197,728.7275115207373,544.08,781,Hair Dryer 424,571.28,989.28,Beauty,-3.7145624152755583,745.39,-24.86446656472676,539026.9449308756,437400.8320683634,-101626.11286251218,114100.46493087547,118130.05461263368,4029.5896817582106,8.000090807084703
P0389,1383.6543617021275,1466.9672340425534,781.85,774,Backpack 389,820.94,1988.85,Fashion,-2.5433307723656946,1314.47,13.934759560476472,1070948.4759574467,1159173.4425437688,88224.96658632206,465796.5759574467,469695.08030311373,3898.5043456670246,-5.0001187881212665
P0381,2385.748932038835,2552.107912621359,1265.35,1042,Wireless Mouse 381,1328.62,3426.66,Electronics,-2.0080812451269545,2516.97,-10.19362390521703,2485950.3871844662,2355331.7617280474,-130618.62545641884,1167455.687184466,1171239.4526562672,3783.7654718011618,5.500204409565623
P0443,13047.215735294116,13957.943284313726,6656.62,3105,Water Bottle 443,6989.45,18813.59,Home & Kitchen,-2.013628936678868,13242.92,-2.9535194128334163,40511604.85808823,39904813.04531654,-606791.8127716929,19842799.75808823,19846465.11634574,3665.358257509768,1.49996956190801
P0148,739.3096354166668,787.99125,410.98,664,Face Serum 148,431.53,1067.86,Beauty,-1.9497150146984197,798.45,-13.933686309762738,490901.5979166667,456300.9819072132,-34600.616009453486,218010.8779166667,221433.9988004662,3423.120883799478,7.99940400479191
P0061,14476.55865284974,15618.83176165803,7441.7300000000005,3425,Coffee Maker 061,7813.82,21040.41,Home & Kitchen,-2.0827855968828213,14331.79,2.115332035476092,49582213.38601036,50124731.41136613,542518.0253557637,24094288.13601036,24097651.913374674,3363.7773643136024,-1.0000211812856596
P0161,10253.632966507177,10908.294066985645,5767.54,2715,Mixer Grinder 161,6055.92,14806.65,Home & Kitchen,-2.2456782857194497,10407.44,-3.288226082730783,27838613.504066985,27327065.208061974,-511548.2960050106,12179742.404066985,12183093.191833366,3350.7877663802356,1.500024761908536
P0483,4244.134088669951,4521.095960591133,3045.69,1384,Hair Dryer 483,3197.97,6110.86,Beauty,-3.3544551774659332,4329.02,-6.426880226956766,5873881.578719212,5606301.729881284,-267579.8488379279,1658646.618719212,1661974.8720452925,3328.2533260805067,2.0000760945951157
P0125,7954.699850746269,8459.320895522387,4566.96,2083,Bluetooth Speaker 125,4795.31,11467.58,Electronics,-2.2937380570537216,8113.79,-4.440590208120742,16569639.789104477,16150526.986850798,-419112.80225367844,7056662.109104478,7059981.662209591,3319.5531051130965,1.9999516290838626
P0457,17936.45721153846,19031.810384615386,10081.18,4064,Bluetooth Speaker 457,10585.24,25724.98,Electronics,-2.2599743001998407,18115.82,-2.223653302420159,72893762.1076923,71985586.13491957,-908175.9727727324,31923846.587692305,31926699.4943788,2852.9066864959896,0.9999900557070784
P0182,1611.6339024390245,1730.6913414634146,1060.3400000000001,685,Smart Watch 182,1113.36,2331.73,Electronics,-2.6873736314959524,1692.22,-12.288520551420135,1103969.2231707317,1016723.1252150453,-87246.09795568639,377636.32317073166,379645.7929032711,2009.4697325394372,5.000273166195979
P0418,11206.257921348315,11989.018988764044,5801.14,2453,Water Bottle 418,6091.2,16178.8,Home & Kitchen,-2.0477112612420303,11318.32,-2.0169228666044092,27488950.68106742,27203864.946481276,-285085.734586142,13258754.261067417,13260680.612038977,1926.3509715609252,0.9999955331940313
P0083,1982.2667010309278,2133.2030927835053,1209.85,923,Air Fryer 083,1270.34,2869.72,Home & Kitchen,-2.710343452536706,1912.89,10.137774072302474,1829632.1650515464,1944587.0753881957,114954.91033664928,712940.6150515465,714687.8589647032,1747.243913156679,-3.499867146779323
P0409,1459.0887234042552,1558.1230319148935,776.82,832,Cricket Bat 409,815.66,2112.17,Sports,-2.242472053202056,1400.73,9.58630012656856,1213961.8178723403,1277122.4075093092,63160.589636968914,567647.5778723403,568850.5447021587,1202.9668298183242,-3.999669277691098
P0446,1206.461943127962,1289.1236966824642,643.92,803,Dumbbell Set 446,676.12,1736.3,Sports,-2.260625361281444,1152.17,10.96982095950214,968788.9403317536,1026685.5016963326,57896.561364579014,451721.18033175357,452896.3341850245,1175.1538532709237,-4.500095791434644
P0283,17032.789247787612,18362.853495575222,9320.52,4334,Vacuum Cleaner 283,9786.55,24598.34,Home & Kitchen,-2.195815685868975,17117.95,-1.0891970104967341,73820108.59991151,73381142.4948153,-438966.10509620607,33424974.919911508,33425991.40324402,1016.4833325110376,0.4999812477774368
P0138,8008.160271739131,8533.276304347826,5293.76,1925,Winter Jacket 138,5558.45,11512.04,Fashion,-2.9081788073822246,8048.2,-1.439997666144599,15415708.523097826,15269691.293546291,-146017.2295515351,5225220.523097826,5225946.082915035,725.5598172089085,0.49998659994567873
P0068,12621.95623255814,13481.79441860465,6616.16,3142,Backpack 068,6946.97,18192.53,Fashion,-2.0884886830886336,12685.07,-1.0362360935181947,39658186.48269767,39443470.21053085,-214716.27216682583,18870211.762697674,18870907.98769093,696.2249932549894,0.5000315821018342
P0188,1216.2007614213198,1310.3985279187818,849.26,802,Hair Dryer 188,891.72,1761.76,Beauty,-3.1396995290281207,1246.61,-7.45983172614978,975393.0106598985,925196.0917309449,-50196.918928953586,294286.4906598985,294898.9719987796,612.4813388811308,2.500346944623044
P0486,7076.883062200957,7521.742440191387,4171.41,1925,Dumbbell Set 486,4379.98,10186.79,Sports,-2.463460222013982,7006.11,2.50676419844984,13622999.894736843,13824851.415064435,201851.52032759227,5593035.644736843,5593594.896097114,559.251360271126,-1.0000597943884415
P0326,4840.3741584158415,5220.122178217822,2644.2,1602,Winter Jacket 326,2776.41,7035.16,Fashion,-2.232950372957302,4791.97,2.269561504262363,7754279.401782178,7850964.866597793,96685.46481561475,3518271.0017821784,3518817.6506340727,546.6488518943079,-1.0000086115591333
P0375,7789.751494845361,8249.354020618557,4348.389999999999,2000,Smart Watch 375,4565.81,11235.78,Electronics,-2.242549979539876,7828.7,-1.1122493666395283,15579502.989690721,15483251.16669411,-96251.82299661078,6882722.989690723,6883201.047162144,478.05747142154723,0.4999967608775746
P0001,6452.902975609757,6899.69643902439,4229.63,1827,Coffee Maker 001,4441.11,9303.96,Home & Kitchen,-2.872808207341251,6485.17,-1.4226089321507152,11789453.736439027,11679844.594105331,-109609.14233369567,4061919.7264390257,4062243.1731665754,323.4467275496572,0.5000388896625907
P0040,5721.964928229665,6135.378133971292,3385.1,1853,Mixer Grinder 040,3554.36,8282.4,Home & Kitchen,-2.4689996226986493,5693.36,1.2452863018207694,10602801.012009569,10681162.059418332,78361.04740876332,4330210.71200957,4330460.051643093,249.33963352348655,-0.4999144277963219
P0332,3452.410227272727,3679.460454545455,2163.1800000000003,1024,Sneakers 332,2271.34,4954.8,Fashion,-2.717133957699476,3417.89,2.768439262867939,3535268.0727272723,3596808.423879286,61540.35115201352,1320171.752727272,1320388.5076460626,216.7549187906552,-0.9998877595724376
P0084,528.2131603773585,562.5007075471698,327.37,737,Smartphone 084,343.74,757.43,Electronics,-2.5596357939094836,536.14,-3.7392398652313807,389293.0991981132,380357.54388690705,-8935.555311206146,148021.4091981132,148107.58110290454,86.17190479135024,1.5006895354478855
